city,city_ascii,lat,lng,country,iso2,iso3,admin_name,capital,population,id,WKT
Casablanca,Casablanca,33.5333,-7.5833,Morocco,MA,MAR,Casablanca-Settat,admin,3499000,1504175315,POINT (-7.5833 33.5333)
Fès,Fes,34.0433,-5.0033,Morocco,MA,MAR,Fès-Meknès,admin,1112072,1504861997,POINT (-5.0033 34.0433)
Marrakech,Marrakech,31.63,-8.0089,Morocco,MA,MAR,Marrakech-Safi,admin,966987,1504172585,POINT (-8.0089 31.63)
Tangier,Tangier,35.7767,-5.8039,Morocco,MA,MAR,Tanger-Tétouan-Al Hoceïma,admin,947952,1504861504,POINT (-5.8039 35.7767)
Sale,Sale,34.0333,-6.8,Morocco,MA,MAR,Rabat-Salé-Kénitra,,850403,1504989034,POINT (-6.8 34.0333)
Rabat,Rabat,34.0209,-6.8416,Morocco,MA,MAR,Rabat-Salé-Kénitra,primary,572717,1504023252,POINT (-6.8416 34.0209)
Meknès,Meknes,33.895,-5.5547,Morocco,MA,MAR,Fès-Meknès,,520428,1504333193,POINT (-5.5547 33.895)
Oujda-Angad,Oujda-Angad,34.6867,-1.9114,Morocco,MA,MAR,Oriental,admin,494252,1504891036,POINT (-1.9114 34.6867)
Kenitra,Kenitra,34.25,-6.5833,Morocco,MA,MAR,Rabat-Salé-Kénitra,,431282,1504534876,POINT (-6.5833 34.25)
Agadir,Agadir,30.4333,-9.6,Morocco,MA,MAR,Souss-Massa,admin,421844,1504116858,POINT (-9.6 30.4333)
Tétouan,Tetouan,35.5667,-5.3667,Morocco,MA,MAR,Tanger-Tétouan-Al Hoceïma,,380787,1504709141,POINT (-5.3667 35.5667)
Taourirt,Taourirt,34.4169,-2.885,Morocco,MA,MAR,Oriental,,321876,1504648957,POINT (-2.885 34.4169)
Temara,Temara,33.9267,-6.9122,Morocco,MA,MAR,Rabat-Salé-Kénitra,,313510,1504016606,POINT (-6.9122 33.9267)
Safi,Safi,32.2833,-9.2333,Morocco,MA,MAR,Marrakech-Safi,,308508,1504000717,POINT (-9.2333 32.2833)
Khénifra,Khenifra,32.9394,-5.6675,Morocco,MA,MAR,Béni Mellal-Khénifra,,228567,1504143530,POINT (-5.6675 32.9394)
El Jadid,El Jadid,33.2333,-8.5,Morocco,MA,MAR,Casablanca-Settat,,220181,1504964063,POINT (-8.5 33.2333)
Laâyoune,Laayoune,27.1536,-13.2033,Morocco,MA,MAR,Laâyoune-Sakia El Hamra,,217732,1504000319,POINT (-13.2033 27.1536)
Mohammedia,Mohammedia,33.6833,-7.3833,Morocco,MA,MAR,Casablanca-Settat,,208612,1504542634,POINT (-7.3833 33.6833)
Kouribga,Kouribga,32.8833,-6.9167,Morocco,MA,MAR,Béni Mellal-Khénifra,,196196,1504325928,POINT (-6.9167 32.8833)
Béni Mellal,Beni Mellal,32.3394,-6.3608,Morocco,MA,MAR,Béni Mellal-Khénifra,admin,192676,1504131639,POINT (-6.3608 32.3394)
Ait Melloul,Ait Melloul,30.3342,-9.4972,Morocco,MA,MAR,Souss-Massa,,171847,1504134516,POINT (-9.4972 30.3342)
Nador,Nador,35.1667,-2.9333,Morocco,MA,MAR,Oriental,,161726,1504811178,POINT (-2.9333 35.1667)
Taza,Taza,34.2167,-4.0167,Morocco,MA,MAR,Fès-Meknès,,148456,1504405154,POINT (-4.0167 34.2167)
Settat,Settat,33.0,-7.6167,Morocco,MA,MAR,Casablanca-Settat,,142250,1504720478,POINT (-7.6167 33)
Barrechid,Barrechid,33.2667,-7.5833,Morocco,MA,MAR,Casablanca-Settat,,136634,1504194885,POINT (-7.5833 33.2667)
Al Khmissat,Al Khmissat,33.8167,-6.0667,Morocco,MA,MAR,Rabat-Salé-Kénitra,,131542,1504079907,POINT (-6.0667 33.8167)
Inezgane,Inezgane,30.3658,-9.5381,Morocco,MA,MAR,Souss-Massa,,130333,1504786674,POINT (-9.5381 30.3658)
Ksar El Kebir,Ksar El Kebir,35.009,-5.9,Morocco,MA,MAR,Tanger-Tétouan-Al Hoceïma,,126617,1504230428,POINT (-5.9 35.009)
My Drarga,My Drarga,30.38,-9.48,Morocco,MA,MAR,Souss-Massa,,126512,1504399163,POINT (-9.48 30.38)
Larache,Larache,35.1833,-6.15,Morocco,MA,MAR,Tanger-Tétouan-Al Hoceïma,,125008,1504637172,POINT (-6.15 35.1833)
Guelmim,Guelmim,28.9833,-10.0667,Morocco,MA,MAR,Guelmim-Oued Noun,admin,118318,1504110861,POINT (-10.0667 28.9833)
Berkane,Berkane,34.9167,-2.3167,Morocco,MA,MAR,Oriental,,109237,1504282363,POINT (-2.3167 34.9167)
Ad Dakhla,Ad Dakhla,23.7081,-15.9456,Morocco,MA,MAR,Dakhla-Oued Ed-Dahab,,106277,1504999983,POINT (-15.9456 23.7081)
Bouskoura,Bouskoura,33.4489,-7.6486,Morocco,MA,MAR,Casablanca-Settat,,103026,1504503306,POINT (-7.6486 33.4489)
Al Fqih Ben Çalah,Al Fqih Ben Calah,32.5,-6.5333,Morocco,MA,MAR,Béni Mellal-Khénifra,,102019,1504975687,POINT (-6.5333 32.5)
Oued Zem,Oued Zem,32.8667,-6.5667,Morocco,MA,MAR,Béni Mellal-Khénifra,,95267,1504098746,POINT (-6.5667 32.8667)
Sidi Slimane,Sidi Slimane,34.26,-5.92,Morocco,MA,MAR,Rabat-Salé-Kénitra,,92989,1504101128,POINT (-5.92 34.26)
Errachidia,Errachidia,31.9319,-4.4244,Morocco,MA,MAR,Drâa-Tafilalet,admin,92374,1504005759,POINT (-4.4244 31.9319)
Guercif,Guercif,34.2333,-3.3667,Morocco,MA,MAR,Oriental,,90880,1504842310,POINT (-3.3667 34.2333)
Oulad Teïma,Oulad Teima,30.4,-9.2167,Morocco,MA,MAR,Souss-Massa,,89387,1504278611,POINT (-9.2167 30.4)
Ben Guerir,Ben Guerir,32.23,-7.95,Morocco,MA,MAR,Marrakech-Safi,,88626,1504909564,POINT (-7.95 32.23)
Wislane,Wislane,30.225,-8.3801,Morocco,MA,MAR,Souss-Massa,,87910,1504929490,POINT (-8.3801 30.225)
Tiflet,Tiflet,33.8931,-6.3069,Morocco,MA,MAR,Rabat-Salé-Kénitra,,86709,1504661999,POINT (-6.3069 33.8931)
Lqoliaa,Lqoliaa,30.2908,-9.4661,Morocco,MA,MAR,Souss-Massa,,83235,1504675410,POINT (-9.4661 30.2908)
Taroudannt,Taroudannt,30.471,-8.8806,Morocco,MA,MAR,Souss-Massa,,80149,1504415764,POINT (-8.8806 30.471)
Sefrou,Sefrou,33.83,-4.83,Morocco,MA,MAR,Fès-Meknès,,79887,1504820285,POINT (-4.83 33.83)
Essaouira,Essaouira,31.5131,-9.7697,Morocco,MA,MAR,Marrakech-Safi,,77966,1504845522,POINT (-9.7697 31.5131)
Fnidq,Fnidq,35.85,-5.35,Morocco,MA,MAR,Tanger-Tétouan-Al Hoceïma,,77436,1504670555,POINT (-5.35 35.85)
Ait Ali,Ait Ali,30.1765,-9.4886,Morocco,MA,MAR,Souss-Massa,,76646,1504009062,POINT (-9.4886 30.1765)
Sidi Qacem,Sidi Qacem,34.2167,-5.7,Morocco,MA,MAR,Rabat-Salé-Kénitra,,75672,1504300626,POINT (-5.7 34.2167)
Tiznit,Tiznit,29.7167,-9.7167,Morocco,MA,MAR,Souss-Massa,,74699,1504399838,POINT (-9.7167 29.7167)
Moulay Abdallah,Moulay Abdallah,33.1978,-8.5883,Morocco,MA,MAR,Casablanca-Settat,,74671,1504563452,POINT (-8.5883 33.1978)
Tan-Tan,Tan-Tan,28.4333,-11.1,Morocco,MA,MAR,Guelmim-Oued Noun,,73209,1504164174,POINT (-11.1 28.4333)
Warzat,Warzat,30.9167,-6.9167,Morocco,MA,MAR,Drâa-Tafilalet,,71067,1504381507,POINT (-6.9167 30.9167)
Youssoufia,Youssoufia,32.25,-8.5333,Morocco,MA,MAR,Marrakech-Safi,,67628,1504459034,POINT (-8.5333 32.25)
Sa’ada,Sa'ada,31.621,-8.1303,Morocco,MA,MAR,Marrakech-Safi,,67086,1504926324,POINT (-8.1303 31.621)
Martil,Martil,35.6167,-5.2667,Morocco,MA,MAR,Tanger-Tétouan-Al Hoceïma,,64355,1504341023,POINT (-5.2667 35.6167)
Aïn Harrouda,Ain Harrouda,33.6372,-7.4483,Morocco,MA,MAR,Casablanca-Settat,,62420,1504718611,POINT (-7.4483 33.6372)
Souq Sebt Oulad Nemma,Souq Sebt Oulad Nemma,32.2948,-6.7007,Morocco,MA,MAR,Béni Mellal-Khénifra,,60076,1504194496,POINT (-6.7007 32.2948)
Skhirate,Skhirate,33.85,-7.03,Morocco,MA,MAR,Rabat-Salé-Kénitra,,59775,1504664899,POINT (-7.03 33.85)
Ouezzane,Ouezzane,34.8,-5.5833,Morocco,MA,MAR,Tanger-Tétouan-Al Hoceïma,,59606,1504736892,POINT (-5.5833 34.8)
Sidi Yahya Zaer,Sidi Yahya Zaer,33.7105,-6.8831,Morocco,MA,MAR,Rabat-Salé-Kénitra,,57790,1504365068,POINT (-6.8831 33.7105)
Benslimane,Benslimane,33.6167,-7.1167,Morocco,MA,MAR,Casablanca-Settat,,57101,1504790296,POINT (-7.1167 33.6167)
Semara,Semara,26.7394,-11.6703,Morocco,MA,MAR,Laâyoune-Sakia El Hamra,,57035,1504999984,POINT (-11.6703 26.7394)
Al Hoceïma,Al Hoceima,35.2472,-3.9322,Morocco,MA,MAR,Tanger-Tétouan-Al Hoceïma,,56716,1504990575,POINT (-3.9322 35.2472)
Beni Enzar,Beni Enzar,35.2667,-2.9333,Morocco,MA,MAR,Oriental,,56582,1504616684,POINT (-2.9333 35.2667)
M’diq,M'diq,35.6858,-5.3253,Morocco,MA,MAR,Tanger-Tétouan-Al Hoceïma,,56227,1504774869,POINT (-5.3253 35.6858)
Sidi Bennour,Sidi Bennour,32.65,-8.4333,Morocco,MA,MAR,Casablanca-Settat,,55815,1504893162,POINT (-8.4333 32.65)
Midalt,Midalt,32.68,-4.73,Morocco,MA,MAR,Drâa-Tafilalet,,55304,1504279379,POINT (-4.73 32.68)
Douar Ain Chkef,Douar Ain Chkef,33.9619,-5.0813,Morocco,MA,MAR,Fès-Meknès,,54477,1504020762,POINT (-5.0813 33.9619)
Azrou,Azrou,33.4417,-5.2247,Morocco,MA,MAR,Fès-Meknès,,54350,1504585311,POINT (-5.2247 33.4417)
El Kelaa des Srarhna,El Kelaa des Srarhna,32.0481,-7.4083,Morocco,MA,MAR,Marrakech-Safi,,51404,1504846488,POINT (-7.4083 32.0481)
Ain El Aouda,Ain El Aouda,33.8111,-6.7922,Morocco,MA,MAR,Rabat-Salé-Kénitra,,49816,1504400263,POINT (-6.7922 33.8111)
Beni Yakhlef,Beni Yakhlef,33.6555,-7.3221,Morocco,MA,MAR,Casablanca-Settat,,48338,1504512130,POINT (-7.3221 33.6555)
Ad Darwa,Ad Darwa,33.4167,-7.5333,Morocco,MA,MAR,Casablanca-Settat,,47719,1504000451,POINT (-7.5333 33.4167)
Al Aaroui,Al Aaroui,35.0029,-3.0311,Morocco,MA,MAR,Oriental,,47599,1504779155,POINT (-3.0311 35.0029)
Qasbat Tadla,Qasbat Tadla,32.6,-6.2667,Morocco,MA,MAR,Béni Mellal-Khénifra,,47343,1504612704,POINT (-6.2667 32.6)
Boujad,Boujad,32.7667,-6.4,Morocco,MA,MAR,Béni Mellal-Khénifra,,46893,1504259447,POINT (-6.4 32.7667)
Tinajdad,Tinajdad,31.5,-5.0167,Morocco,MA,MAR,Drâa-Tafilalet,,43999,1504176217,POINT (-5.0167 31.5)
Jerada,Jerada,34.3117,-2.1636,Morocco,MA,MAR,Oriental,,43506,1504230609,POINT (-2.1636 34.3117)
Douar Bni Malek,Douar Bni Malek,34.78,-5.6425,Morocco,MA,MAR,Tanger-Tétouan-Al Hoceïma,,43282,1504252777,POINT (-5.6425 34.78)
Chefchaouene,Chefchaouene,35.1714,-5.2697,Morocco,MA,MAR,Tanger-Tétouan-Al Hoceïma,,42786,1504471687,POINT (-5.2697 35.1714)
Mrirt,Mrirt,33.1667,-5.5667,Morocco,MA,MAR,Béni Mellal-Khénifra,,42730,1504917091,POINT (-5.5667 33.1667)
Cabo Bojador,Cabo Bojador,26.1333,-14.5,Morocco,MA,MAR,Laâyoune-Sakia El Hamra,,42651,1504003884,POINT (-14.5 26.1333)
Sidi Mohamed Lahmar,Sidi Mohamed Lahmar,34.7167,-6.2667,Morocco,MA,MAR,Rabat-Salé-Kénitra,,42637,1504538713,POINT (-6.2667 34.7167)
Tineghir,Tineghir,31.5147,-5.5328,Morocco,MA,MAR,Drâa-Tafilalet,,42044,1504760525,POINT (-5.5328 31.5147)
El Aïoun,El Aioun,34.5852,-2.5056,Morocco,MA,MAR,Oriental,,41832,1504312724,POINT (-2.5056 34.5852)
Azemmour,Azemmour,33.2878,-8.3422,Morocco,MA,MAR,Casablanca-Settat,,40920,1504675793,POINT (-8.3422 33.2878)
Temsia,Temsia,30.36,-9.414,Morocco,MA,MAR,Souss-Massa,,40780,1504419242,POINT (-9.414 30.36)
Zoumi,Zoumi,34.8,-5.35,Morocco,MA,MAR,Tanger-Tétouan-Al Hoceïma,,40661,1504309761,POINT (-5.35 34.8)
Douar Laouamra,Douar Laouamra,31.8,-8.7167,Morocco,MA,MAR,Marrakech-Safi,,40605,1504542773,POINT (-8.7167 31.8)
Zagora,Zagora,30.3306,-5.8381,Morocco,MA,MAR,Drâa-Tafilalet,,40067,1504579638,POINT (-5.8381 30.3306)
Ait Ourir,Ait Ourir,31.5644,-7.6628,Morocco,MA,MAR,Marrakech-Safi,,39108,1504763448,POINT (-7.6628 31.5644)
Sidi Bibi,Sidi Bibi,30.2333,-9.5333,Morocco,MA,MAR,Souss-Massa,,39042,1504682772,POINT (-9.5333 30.2333)
Aziylal,Aziylal,31.9669,-6.5694,Morocco,MA,MAR,Béni Mellal-Khénifra,,38520,1504084050,POINT (-6.5694 31.9669)
Sidi Yahia El Gharb,Sidi Yahia El Gharb,34.3058,-6.3058,Morocco,MA,MAR,Rabat-Salé-Kénitra,,37979,1504994850,POINT (-6.3058 34.3058)
Biougra,Biougra,30.2144,-9.3708,Morocco,MA,MAR,Souss-Massa,,37933,1504630552,POINT (-9.3708 30.2144)
Taounate,Taounate,34.5358,-4.64,Morocco,MA,MAR,Fès-Meknès,,37616,1504565730,POINT (-4.64 34.5358)
Bouznika,Bouznika,33.7897,-7.1575,Morocco,MA,MAR,Casablanca-Settat,,37238,1504766743,POINT (-7.1575 33.7897)
Aourir,Aourir,30.4833,-9.6333,Morocco,MA,MAR,Souss-Massa,,36948,1504616385,POINT (-9.6333 30.4833)
Zaïo,Zaio,34.9333,-2.7333,Morocco,MA,MAR,Oriental,,35806,1504831853,POINT (-2.7333 34.9333)
Aguelmous,Aguelmous,33.15,-5.8333,Morocco,MA,MAR,Béni Mellal-Khénifra,,35626,1504241696,POINT (-5.8333 33.15)
El Hajeb,El Hajeb,33.6928,-5.3711,Morocco,MA,MAR,Fès-Meknès,,35282,1504718907,POINT (-5.3711 33.6928)
Dabouziya,Dabouziya,33.3064,-8.3548,Morocco,MA,MAR,Casablanca-Settat,,34607,1504001026,POINT (-8.3548 33.3064)
Mnasra,Mnasra,34.7667,-5.5167,Morocco,MA,MAR,Tanger-Tétouan-Al Hoceïma,,34429,1504815098,POINT (-5.5167 34.7667)
Zeghanghane,Zeghanghane,35.15,-3.0,Morocco,MA,MAR,Oriental,,34025,1504260154,POINT (-3 35.15)
Imzouren,Imzouren,35.15,-3.85,Morocco,MA,MAR,Tanger-Tétouan-Al Hoceïma,,33852,1504878608,POINT (-3.85 35.15)
Oulad Zemam,Oulad Zemam,32.35,-6.6333,Morocco,MA,MAR,Béni Mellal-Khénifra,,33652,1504396811,POINT (-6.6333 32.35)
Ben Ahmed,Ben Ahmed,33.0655,-7.2464,Morocco,MA,MAR,Casablanca-Settat,,33105,1504202051,POINT (-7.2464 33.0655)
Tit Mellil,Tit Mellil,33.5533,-7.4822,Morocco,MA,MAR,Casablanca-Settat,,32782,1504892729,POINT (-7.4822 33.5533)
Arbaoua,Arbaoua,34.9,-5.9167,Morocco,MA,MAR,Rabat-Salé-Kénitra,,32690,1504079088,POINT (-5.9167 34.9)
Douar Oulad Hssine,Douar Oulad Hssine,33.068,-8.5107,Morocco,MA,MAR,Casablanca-Settat,,32130,1504473203,POINT (-8.5107 33.068)
Bahharet Oulad Ayyad,Bahharet Oulad Ayyad,34.7702,-6.3047,Morocco,MA,MAR,Rabat-Salé-Kénitra,,31860,1504139256,POINT (-6.3047 34.7702)
Mechraa Bel Ksiri,Mechraa Bel Ksiri,34.56,-5.95,Morocco,MA,MAR,Rabat-Salé-Kénitra,,31497,1504646910,POINT (-5.95 34.56)
Mograne,Mograne,34.4167,-6.4333,Morocco,MA,MAR,Rabat-Salé-Kénitra,,31292,1504174936,POINT (-6.4333 34.4167)
Dar Ould Zidouh,Dar Ould Zidouh,32.3167,-6.9,Morocco,MA,MAR,Béni Mellal-Khénifra,,31170,1504900512,POINT (-6.9 32.3167)
Asilah,Asilah,35.4667,-6.0333,Morocco,MA,MAR,Tanger-Tétouan-Al Hoceïma,,31147,1504676037,POINT (-6.0333 35.4667)
Al ’Attawia,Al 'Attawia,31.8347,-7.3125,Morocco,MA,MAR,Marrakech-Safi,,30315,1504496327,POINT (-7.3125 31.8347)
Demnat,Demnat,31.7311,-7.0361,Morocco,MA,MAR,Béni Mellal-Khénifra,,29504,1504747424,POINT (-7.0361 31.7311)
Lalla Mimouna,Lalla Mimouna,34.85,-6.0669,Morocco,MA,MAR,Rabat-Salé-Kénitra,,29479,1504801532,POINT (-6.0669 34.85)
Fritissa,Fritissa,33.6167,-3.55,Morocco,MA,MAR,Fès-Meknès,,29460,1504842954,POINT (-3.55 33.6167)
Arfoud,Arfoud,31.4361,-4.2328,Morocco,MA,MAR,Drâa-Tafilalet,,29279,1504190665,POINT (-4.2328 31.4361)
Tameslouht,Tameslouht,31.5,-8.1,Morocco,MA,MAR,Marrakech-Safi,,28978,1504936367,POINT (-8.1 31.5)
Bou Arfa,Bou Arfa,32.5309,-1.965,Morocco,MA,MAR,Oriental,,28846,1504454457,POINT (-1.965 32.5309)
Sidi Smai’il,Sidi Smai'il,32.8167,-8.5,Morocco,MA,MAR,Casablanca-Settat,,28733,1504182456,POINT (-8.5 32.8167)
Taza,Taza,35.0639,-5.2025,Morocco,MA,MAR,Tanger-Tétouan-Al Hoceïma,,28713,1504253957,POINT (-5.2025 35.0639)
Souk et Tnine Jorf el Mellah,Souk et Tnine Jorf el Mellah,34.4833,-5.5169,Morocco,MA,MAR,Rabat-Salé-Kénitra,,28681,1504332951,POINT (-5.5169 34.4833)
Mehdya,Mehdya,34.2597,-6.65,Morocco,MA,MAR,Rabat-Salé-Kénitra,,28636,1504438304,POINT (-6.65 34.2597)
Oulad Hammou,Oulad Hammou,33.2499,-8.3346,Morocco,MA,MAR,Casablanca-Settat,,28449,1504007795,POINT (-8.3346 33.2499)
Douar Oulad Aj-jabri,Douar Oulad Aj-jabri,32.2567,-6.7839,Morocco,MA,MAR,Béni Mellal-Khénifra,,28438,1504025075,POINT (-6.7839 32.2567)
Aïn Taoujdat,Ain Taoujdat,33.9333,-5.2167,Morocco,MA,MAR,Fès-Meknès,,28288,1504497923,POINT (-5.2167 33.9333)
Dar Bel Hamri,Dar Bel Hamri,34.1889,-5.9697,Morocco,MA,MAR,Rabat-Salé-Kénitra,,28156,1504221505,POINT (-5.9697 34.1889)
Chichaoua,Chichaoua,31.5333,-8.7667,Morocco,MA,MAR,Marrakech-Safi,,27869,1504125569,POINT (-8.7667 31.5333)
Tahla,Tahla,34.05,-4.42,Morocco,MA,MAR,Fès-Meknès,,27729,1504092591,POINT (-4.42 34.05)
Bellaa,Bellaa,30.0314,-9.5542,Morocco,MA,MAR,Souss-Massa,,27699,1504167169,POINT (-9.5542 30.0314)
Oulad Yaïch,Oulad Yaich,32.4167,-6.3333,Morocco,MA,MAR,Béni Mellal-Khénifra,,27476,1504233317,POINT (-6.3333 32.4167)
Ksebia,Ksebia,34.2933,-6.1594,Morocco,MA,MAR,Rabat-Salé-Kénitra,,27059,1504059620,POINT (-6.1594 34.2933)
Ourika Wawrmas,Ourika Wawrmas,30.7167,-6.5333,Morocco,MA,MAR,Drâa-Tafilalet,,26990,1504021700,POINT (-6.5333 30.7167)
Tamorot,Tamorot,34.9333,-4.7833,Morocco,MA,MAR,Tanger-Tétouan-Al Hoceïma,,26748,1504592587,POINT (-4.7833 34.9333)
Moulay Bousselham,Moulay Bousselham,34.8786,-6.2933,Morocco,MA,MAR,Rabat-Salé-Kénitra,,26608,1504188471,POINT (-6.2933 34.8786)
Iheddadene,Iheddadene,35.15,-2.9667,Morocco,MA,MAR,Oriental,,26582,1504836101,POINT (-2.9667 35.15)
Sabaa Aiyoun,Sabaa Aiyoun,33.9,-5.3667,Morocco,MA,MAR,Fès-Meknès,,26277,1504462212,POINT (-5.3667 33.9)
Bourdoud,Bourdoud,34.5922,-4.5492,Morocco,MA,MAR,Fès-Meknès,,26236,1504015338,POINT (-4.5492 34.5922)
Aït Faska,Ait Faska,31.5058,-7.7161,Morocco,MA,MAR,Marrakech-Safi,,26210,1504886930,POINT (-7.7161 31.5058)
Rich,Rich,32.2583,-4.5056,Morocco,MA,MAR,Drâa-Tafilalet,,25992,1504005566,POINT (-4.5056 32.2583)
Boureït,Boureit,34.9833,-4.9167,Morocco,MA,MAR,Tanger-Tétouan-Al Hoceïma,,25872,1504130214,POINT (-4.9167 34.9833)
Lamzoudia,Lamzoudia,31.5833,-8.4833,Morocco,MA,MAR,Marrakech-Safi,,25674,1504553058,POINT (-8.4833 31.5833)
Oulad Said,Oulad Said,32.632,-8.8456,Morocco,MA,MAR,Casablanca-Settat,,25650,1504360657,POINT (-8.8456 32.632)
Missour,Missour,33.05,-3.9833,Morocco,MA,MAR,Fès-Meknès,,25584,1504694053,POINT (-3.9833 33.05)
Ain Aicha,Ain Aicha,34.4833,-4.7,Morocco,MA,MAR,Fès-Meknès,,25417,1504818592,POINT (-4.7 34.4833)
Zawyat ech Cheïkh,Zawyat ech Cheikh,32.6414,-5.9206,Morocco,MA,MAR,Béni Mellal-Khénifra,,25388,1504071186,POINT (-5.9206 32.6414)
Bouknadel,Bouknadel,34.1333,-6.7333,Morocco,MA,MAR,Rabat-Salé-Kénitra,,25255,1504368806,POINT (-6.7333 34.1333)
El Ghiate,El Ghiate,32.0331,-9.1625,Morocco,MA,MAR,Marrakech-Safi,,25162,1504222954,POINT (-9.1625 32.0331)
Safsaf,Safsaf,34.5581,-6.0078,Morocco,MA,MAR,Rabat-Salé-Kénitra,,25075,1504872939,POINT (-6.0078 34.5581)
Ouaoula,Ouaoula,31.8667,-6.75,Morocco,MA,MAR,Béni Mellal-Khénifra,,24790,1504340462,POINT (-6.75 31.8667)
Douar Olad. Salem,Douar Olad. Salem,32.8739,-8.8588,Morocco,MA,MAR,Casablanca-Settat,,24775,1504813232,POINT (-8.8588 32.8739)
Oulad Tayeb,Oulad Tayeb,33.9598,-4.9954,Morocco,MA,MAR,Fès-Meknès,,24594,1504027412,POINT (-4.9954 33.9598)
Ain Dfali,Ain Dfali,34.599,-5.5488,Morocco,MA,MAR,Rabat-Salé-Kénitra,,24521,1504618863,POINT (-5.5488 34.599)
Echemmaia Est,Echemmaia Est,32.0786,-8.6325,Morocco,MA,MAR,Marrakech-Safi,,24303,1504437117,POINT (-8.6325 32.0786)
Oulad Barhil,Oulad Barhil,30.6408,-8.475,Morocco,MA,MAR,Souss-Massa,,24288,1504160582,POINT (-8.475 30.6408)
Douar ’Ayn Dfali,Douar 'Ayn Dfali,33.95,-4.45,Morocco,MA,MAR,Fès-Meknès,,24241,1504477105,POINT (-4.45 33.95)
Bir Jdid,Bir Jdid,33.3737,-8.0002,Morocco,MA,MAR,Casablanca-Settat,,24136,1504415482,POINT (-8.0002 33.3737)
Setti Fatma,Setti Fatma,31.2256,-7.6758,Morocco,MA,MAR,Marrakech-Safi,,24129,1504468462,POINT (-7.6758 31.2256)
Skoura,Skoura,31.0606,-6.5556,Morocco,MA,MAR,Drâa-Tafilalet,,24055,1504320897,POINT (-6.5556 31.0606)
Douar Ouled Ayad,Douar Ouled Ayad,32.2,-6.7975,Morocco,MA,MAR,Casablanca-Settat,,23818,1504223555,POINT (-6.7975 32.2)
Zawyat an Nwaçer,Zawyat an Nwacer,33.3611,-7.6114,Morocco,MA,MAR,Casablanca-Settat,,23802,1504451401,POINT (-7.6114 33.3611)
Khenichet-sur Ouerrha,Khenichet-sur Ouerrha,34.4333,-5.6667,Morocco,MA,MAR,Rabat-Salé-Kénitra,,23707,1504817862,POINT (-5.6667 34.4333)
Ayt Mohamed,Ayt Mohamed,32.5667,-6.9833,Morocco,MA,MAR,Béni Mellal-Khénifra,,23696,1504703331,POINT (-6.9833 32.5667)
Gueznaia,Gueznaia,35.7066,-5.9088,Morocco,MA,MAR,Tanger-Tétouan-Al Hoceïma,,23601,1504255211,POINT (-5.9088 35.7066)
Oulad Hassoune,Oulad Hassoune,31.6503,-7.8361,Morocco,MA,MAR,Marrakech-Safi,,23475,1504841903,POINT (-7.8361 31.6503)
Bni Frassen,Bni Frassen,34.3833,-4.3833,Morocco,MA,MAR,Fès-Meknès,,23429,1504574079,POINT (-4.3833 34.3833)
Douar Imoukkane,Douar Imoukkane,35.0298,-4.8125,Morocco,MA,MAR,Tanger-Tétouan-Al Hoceïma,,23132,1504341644,POINT (-4.8125 35.0298)
Tnine Lgharbia,Tnine Lgharbia,32.5719,-8.8568,Morocco,MA,MAR,Casablanca-Settat,,23074,1504401185,POINT (-8.8568 32.5719)
Tighedouine,Tighedouine,31.4236,-7.5208,Morocco,MA,MAR,Marrakech-Safi,,22971,1504874700,POINT (-7.5208 31.4236)
Alnif,Alnif,31.1167,-5.1667,Morocco,MA,MAR,Drâa-Tafilalet,,22724,1504225472,POINT (-5.1667 31.1167)
Sidi Lmokhtar,Sidi Lmokhtar,31.57,-9.01,Morocco,MA,MAR,Marrakech-Safi,,22714,1504925399,POINT (-9.01 31.57)
Souk Tlet El Gharb,Souk Tlet El Gharb,34.6211,-6.1336,Morocco,MA,MAR,Rabat-Salé-Kénitra,,22554,1504595315,POINT (-6.1336 34.6211)
Arbi’a Tighadwiyn,Arbi'a Tighadwiyn,31.4279,-7.5253,Morocco,MA,MAR,Marrakech-Safi,,22353,1504625035,POINT (-7.5253 31.4279)
Had Oulad Issa,Had Oulad Issa,32.9519,-8.6982,Morocco,MA,MAR,Casablanca-Settat,,21779,1504891592,POINT (-8.6982 32.9519)
Tidili Masfiywat,Tidili Masfiywat,31.4667,-7.6167,Morocco,MA,MAR,Marrakech-Safi,,21706,1504563620,POINT (-7.6167 31.4667)
Sidi Ifni,Sidi Ifni,29.3833,-10.1667,Morocco,MA,MAR,Guelmim-Oued Noun,,21618,1504270532,POINT (-10.1667 29.3833)
Tamgrout,Tamgrout,30.2667,-5.6667,Morocco,MA,MAR,Drâa-Tafilalet,,21603,1504571275,POINT (-5.6667 30.2667)
Selouane,Selouane,35.0667,-2.9333,Morocco,MA,MAR,Oriental,,21570,1504039594,POINT (-2.9333 35.0667)
Amizmiz,Amizmiz,31.2167,-8.25,Morocco,MA,MAR,Marrakech-Safi,,21445,1504971543,POINT (-8.25 31.2167)
Afourar,Afourar,32.2167,-6.5,Morocco,MA,MAR,Béni Mellal-Khénifra,,21382,1504710376,POINT (-6.5 32.2167)
Asni,Asni,31.25,-7.9833,Morocco,MA,MAR,Marrakech-Safi,,21244,1504093117,POINT (-7.9833 31.25)
Tabount,Tabount,30.88,-6.91,Morocco,MA,MAR,Drâa-Tafilalet,,21198,1504000158,POINT (-6.91 30.88)
Imi n’Oulaoun,Imi n'Oulaoun,31.4224,-6.5641,Morocco,MA,MAR,Drâa-Tafilalet,,21061,1504402350,POINT (-6.5641 31.4224)
Saka,Saka,34.6167,-3.4167,Morocco,MA,MAR,Oriental,,21048,1504711196,POINT (-3.4167 34.6167)
Bni Rzine,Bni Rzine,35.0108,-4.7262,Morocco,MA,MAR,Tanger-Tétouan-Al Hoceïma,,20904,1504313733,POINT (-4.7262 35.0108)
El Gara,El Gara,33.2819,-7.2319,Morocco,MA,MAR,Casablanca-Settat,,20855,1504734362,POINT (-7.2319 33.2819)
Sidi Abdelkader,Sidi Abdelkader,33.0494,-8.6886,Morocco,MA,MAR,Casablanca-Settat,,20854,1504001212,POINT (-8.6886 33.0494)
Imi-n-Tanout,Imi-n-Tanout,31.16,-8.85,Morocco,MA,MAR,Marrakech-Safi,,20837,1504593970,POINT (-8.85 31.16)
Sidi Chiker,Sidi Chiker,31.7453,-8.7069,Morocco,MA,MAR,Marrakech-Safi,,20658,1504682316,POINT (-8.7069 31.7453)
Sidi Rahal,Sidi Rahal,33.7897,-7.1575,Morocco,MA,MAR,Casablanca-Settat,,20628,1504637195,POINT (-7.1575 33.7897)
Station des Essais M.V.A.,Station des Essais M.V.A.,34.9352,-2.4306,Morocco,MA,MAR,Oriental,,20513,1504298109,POINT (-2.4306 34.9352)
Reçani,Recani,31.2859,-4.2751,Morocco,MA,MAR,Drâa-Tafilalet,,20469,1504410951,POINT (-4.2751 31.2859)
Aïn Cheggag,Ain Cheggag,33.8833,-5.0333,Morocco,MA,MAR,Fès-Meknès,,20456,1504540865,POINT (-5.0333 33.8833)
Sidi Jaber,Sidi Jaber,32.3833,-6.4167,Morocco,MA,MAR,Béni Mellal-Khénifra,,20432,1504230672,POINT (-6.4167 32.3833)
Jdour,Jdour,32.1269,-8.7633,Morocco,MA,MAR,Marrakech-Safi,,20239,1504892254,POINT (-8.7633 32.1269)
Douar Lamrabih,Douar Lamrabih,34.8167,-5.8167,Morocco,MA,MAR,Rabat-Salé-Kénitra,,20187,1504888923,POINT (-5.8167 34.8167)
El Ksiba,El Ksiba,32.5681,-6.0308,Morocco,MA,MAR,Béni Mellal-Khénifra,,20001,1504390061,POINT (-6.0308 32.5681)
Sidi Taibi,Sidi Taibi,34.1917,-6.6845,Morocco,MA,MAR,Rabat-Salé-Kénitra,,19979,1504376928,POINT (-6.6845 34.1917)
’Ali Ben Sliman,'Ali Ben Sliman,31.91,-7.21,Morocco,MA,MAR,Marrakech-Safi,,19977,1504127885,POINT (-7.21 31.91)
Tarhzirt,Tarhzirt,32.4333,-6.1833,Morocco,MA,MAR,Béni Mellal-Khénifra,,19936,1504643080,POINT (-6.1833 32.4333)
Aït Tamlil,Ait Tamlil,31.48,-6.94,Morocco,MA,MAR,Béni Mellal-Khénifra,,19930,1504250838,POINT (-6.94 31.48)
Had Zraqtane,Had Zraqtane,31.45,-7.4,Morocco,MA,MAR,Marrakech-Safi,,19926,1504613352,POINT (-7.4 31.45)
El Mansouria,El Mansouria,33.75,-7.3,Morocco,MA,MAR,Casablanca-Settat,,19853,1504714536,POINT (-7.3 33.75)
Oulad Embarek,Oulad Embarek,32.2833,-6.4667,Morocco,MA,MAR,Béni Mellal-Khénifra,,19774,1504452976,POINT (-6.4667 32.2833)
Oulad Fraj,Oulad Fraj,32.9667,-8.2333,Morocco,MA,MAR,Casablanca-Settat,,19752,1504478947,POINT (-8.2333 32.9667)
Jnane Bouih,Jnane Bouih,32.0308,-8.7894,Morocco,MA,MAR,Marrakech-Safi,,19706,1504889186,POINT (-8.7894 32.0308)
Ahfir,Ahfir,34.9514,-2.1025,Morocco,MA,MAR,Oriental,,19630,1504027251,POINT (-2.1025 34.9514)
Ait Bousarane,Ait Bousarane,31.7318,-7.0876,Morocco,MA,MAR,Béni Mellal-Khénifra,,19501,1504791291,POINT (-7.0876 31.7318)
Ait Bouziyane,Ait Bouziyane,33.8167,-5.2749,Morocco,MA,MAR,Fès-Meknès,,19501,1504248874,POINT (-5.2749 33.8167)
Oulad Salmane,Oulad Salmane,34.3356,-6.4604,Morocco,MA,MAR,Rabat-Salé-Kénitra,,19488,1504113014,POINT (-6.4604 34.3356)
Douar Ait Sidi Daoud,Douar Ait Sidi Daoud,31.6347,-7.6444,Morocco,MA,MAR,Marrakech-Safi,,19286,1504024368,POINT (-7.6444 31.6347)
Al Brouj,Al Brouj,32.505,-7.1927,Morocco,MA,MAR,Casablanca-Settat,,19235,1504448147,POINT (-7.1927 32.505)
Sidi Redouane,Sidi Redouane,34.6833,-5.45,Morocco,MA,MAR,Tanger-Tétouan-Al Hoceïma,,19169,1504580531,POINT (-5.45 34.6833)
Zaouïa Aït Ishak,Zaouia Ait Ishak,32.76,-5.7233,Morocco,MA,MAR,Béni Mellal-Khénifra,,19133,1504322304,POINT (-5.7233 32.76)
Imouzzer Kandar,Imouzzer Kandar,33.73,-5.01,Morocco,MA,MAR,Fès-Meknès,,19125,1504932203,POINT (-5.01 33.73)
Douar Toulal,Douar Toulal,33.8951,-5.6021,Morocco,MA,MAR,Fès-Meknès,,19077,1504858900,POINT (-5.6021 33.8951)
Ait Ben Daoudi,Ait Ben Daoudi,31.6345,-7.644,Morocco,MA,MAR,Marrakech-Safi,,18976,1504718613,POINT (-7.644 31.6345)
Beni Zouli,Beni Zouli,30.4839,-5.8619,Morocco,MA,MAR,Drâa-Tafilalet,,18941,1504549752,POINT (-5.8619 30.4839)
Oulmes,Oulmes,33.445,-6.0011,Morocco,MA,MAR,Rabat-Salé-Kénitra,,18786,1504050150,POINT (-6.0011 33.445)
Karia Ba Mohamed,Karia Ba Mohamed,34.3667,-5.2,Morocco,MA,MAR,Fès-Meknès,,18762,1504442421,POINT (-5.2 34.3667)
Tata,Tata,29.7428,-7.9725,Morocco,MA,MAR,Souss-Massa,,18611,1504497241,POINT (-7.9725 29.7428)
Jbabra,Jbabra,34.4314,-4.9642,Morocco,MA,MAR,Fès-Meknès,,18592,1504581289,POINT (-4.9642 34.4314)
Tamri,Tamri,30.695,-9.825,Morocco,MA,MAR,Souss-Massa,,18577,1504501049,POINT (-9.825 30.695)
Sebt Gzoula,Sebt Gzoula,32.1167,-9.0833,Morocco,MA,MAR,Marrakech-Safi,,18543,1504003595,POINT (-9.0833 32.1167)
Chouafa,Chouafa,34.9468,-6.1667,Morocco,MA,MAR,Rabat-Salé-Kénitra,,18436,1504440228,POINT (-6.1667 34.9468)
Foum el Anser,Foum el Anser,32.3718,-6.2613,Morocco,MA,MAR,Béni Mellal-Khénifra,,18412,1504049816,POINT (-6.2613 32.3718)
Assa,Assa,28.6086,-9.4269,Morocco,MA,MAR,Guelmim-Oued Noun,,18367,1504311835,POINT (-9.4269 28.6086)
Lamrasla,Lamrasla,32.0247,-8.9153,Morocco,MA,MAR,Marrakech-Safi,,18335,1504000483,POINT (-8.9153 32.0247)
Aït Bouchta,Ait Bouchta,35.1056,-3.8503,Morocco,MA,MAR,Tanger-Tétouan-Al Hoceïma,,18271,1504367001,POINT (-3.8503 35.1056)
Bni Bouayach,Bni Bouayach,35.0986,-3.8397,Morocco,MA,MAR,Tanger-Tétouan-Al Hoceïma,,18271,1504579713,POINT (-3.8397 35.0986)
Ikniwn,Ikniwn,31.1736,-5.6733,Morocco,MA,MAR,Drâa-Tafilalet,,18235,1504281850,POINT (-5.6733 31.1736)
Bouarouss,Bouarouss,34.3667,-4.8167,Morocco,MA,MAR,Fès-Meknès,,18147,1504643537,POINT (-4.8167 34.3667)
Ghouazi,Ghouazi,34.4667,-5.3,Morocco,MA,MAR,Fès-Meknès,,18081,1504717727,POINT (-5.3 34.4667)
Sidi Allal Tazi,Sidi Allal Tazi,34.5197,-6.3236,Morocco,MA,MAR,Rabat-Salé-Kénitra,,18055,1504240446,POINT (-6.3236 34.5197)
Douar Oulad Mbarek,Douar Oulad Mbarek,34.2833,-4.3167,Morocco,MA,MAR,Fès-Meknès,,17747,1504643299,POINT (-4.3167 34.2833)
Laatatra,Laatatra,32.6315,-8.4148,Morocco,MA,MAR,Casablanca-Settat,,17593,1504800245,POINT (-8.4148 32.6315)
Aït Majdane,Ait Majdane,31.8514,-6.9658,Morocco,MA,MAR,Béni Mellal-Khénifra,,17572,1504617199,POINT (-6.9658 31.8514)
Sahel,Sahel,34.9667,-4.55,Morocco,MA,MAR,Tanger-Tétouan-Al Hoceïma,,17496,1504781617,POINT (-4.55 34.9667)
Dar Chaifat,Dar Chaifat,32.55,-7.5,Morocco,MA,MAR,Casablanca-Settat,,17454,1504290821,POINT (-7.5 32.55)
Awlouz,Awlouz,30.7,-8.15,Morocco,MA,MAR,Souss-Massa,,17409,1504521135,POINT (-8.15 30.7)
Milla’ab,Milla'ab,31.4737,-4.7424,Morocco,MA,MAR,Drâa-Tafilalet,,17360,1504537795,POINT (-4.7424 31.4737)
Ketama,Ketama,34.9158,-4.5686,Morocco,MA,MAR,Tanger-Tétouan-Al Hoceïma,,17351,1504947642,POINT (-4.5686 34.9158)
Galaz,Galaz,34.55,-4.8,Morocco,MA,MAR,Fès-Meknès,,17333,1504676326,POINT (-4.8 34.55)
Chouafaa,Chouafaa,34.7667,-6.05,Morocco,MA,MAR,Rabat-Salé-Kénitra,,17202,1504441282,POINT (-6.05 34.7667)
Tagounite,Tagounite,29.9585,-5.9151,Morocco,MA,MAR,Drâa-Tafilalet,,17103,1504500189,POINT (-5.9151 29.9585)
Sidi Yakoub,Sidi Yakoub,31.6667,-7.0667,Morocco,MA,MAR,Béni Mellal-Khénifra,,17054,1504968095,POINT (-7.0667 31.6667)
Knemis Dades,Knemis Dades,31.309,-6.028,Morocco,MA,MAR,Drâa-Tafilalet,,17045,1504000136,POINT (-6.028 31.309)
Oulad Amrane,Oulad Amrane,32.2833,-9.2333,Morocco,MA,MAR,Marrakech-Safi,,16979,1504791859,POINT (-9.2333 32.2833)
Qal’at Mgouna,Qal'at Mgouna,31.2414,-6.1283,Morocco,MA,MAR,Drâa-Tafilalet,,16956,1504989758,POINT (-6.1283 31.2414)
Douar Lamjaara,Douar Lamjaara,34.6147,-5.2887,Morocco,MA,MAR,Tanger-Tétouan-Al Hoceïma,,16899,1504061051,POINT (-5.2887 34.6147)
Ratba,Ratba,34.7833,-4.9333,Morocco,MA,MAR,Fès-Meknès,,16825,1504991654,POINT (-4.9333 34.7833)
Sidi Lamine,Sidi Lamine,32.9,-6.05,Morocco,MA,MAR,Béni Mellal-Khénifra,,16808,1504670404,POINT (-6.05 32.9)
Ouaouzgane,Ouaouzgane,35.0167,-4.5167,Morocco,MA,MAR,Tanger-Tétouan-Al Hoceïma,,16772,1504425512,POINT (-4.5167 35.0167)
Ribat Al Khayr,Ribat Al Khayr,33.82,-4.41,Morocco,MA,MAR,Fès-Meknès,,16739,1504387842,POINT (-4.41 33.82)
Agourai,Agourai,33.6333,-5.5833,Morocco,MA,MAR,Fès-Meknès,,16651,1504734608,POINT (-5.5833 33.6333)
Sidi Ettiji,Sidi Ettiji,32.1717,-8.8686,Morocco,MA,MAR,Marrakech-Safi,,16649,1504984837,POINT (-8.8686 32.1717)
Douar Tabouda,Douar Tabouda,34.7167,-5.1333,Morocco,MA,MAR,Fès-Meknès,,16618,1504107473,POINT (-5.1333 34.7167)
Zirara,Zirara,32.35,-8.5333,Morocco,MA,MAR,Casablanca-Settat,,16606,1504681558,POINT (-8.5333 32.35)
Mensora,Mensora,34.8356,-4.9655,Morocco,MA,MAR,Tanger-Tétouan-Al Hoceïma,,16559,1504316721,POINT (-4.9655 34.8356)
Tamallalt,Tamallalt,31.8289,-7.5261,Morocco,MA,MAR,Marrakech-Safi,,16539,1504009378,POINT (-7.5261 31.8289)
Goulmima,Goulmima,31.6944,-4.9592,Morocco,MA,MAR,Drâa-Tafilalet,,16419,1504139417,POINT (-4.9592 31.6944)
Outat Oulad Al Haj,Outat Oulad Al Haj,33.3333,-3.6833,Morocco,MA,MAR,Fès-Meknès,,16388,1504806480,POINT (-3.6833 33.3333)
Sebt Aït Saghiouchen,Sebt Ait Saghiouchen,34.0122,-4.5536,Morocco,MA,MAR,Fès-Meknès,,16362,1504600750,POINT (-4.5536 34.0122)
’Ayn Bni Mathar,'Ayn Bni Mathar,34.0889,-2.0247,Morocco,MA,MAR,Oriental,,16289,1504845272,POINT (-2.0247 34.0889)
Timezgana,Timezgana,34.5833,-4.7333,Morocco,MA,MAR,Fès-Meknès,,16172,1504420273,POINT (-4.7333 34.5833)
Talsint,Talsint,32.5398,-3.4408,Morocco,MA,MAR,Oriental,,16166,1504691780,POINT (-3.4408 32.5398)
Al Qbab,Al Qbab,32.7333,-5.5167,Morocco,MA,MAR,Béni Mellal-Khénifra,,16157,1504689479,POINT (-5.5167 32.7333)
Bni Tajjit,Bni Tajjit,32.2833,-3.4833,Morocco,MA,MAR,Oriental,,16149,1504670713,POINT (-3.4833 32.2833)
Zegzel,Zegzel,34.8407,-2.3543,Morocco,MA,MAR,Oriental,,16137,1504844688,POINT (-2.3543 34.8407)
Douar Azla,Douar Azla,35.5564,-5.2453,Morocco,MA,MAR,Tanger-Tétouan-Al Hoceïma,,16128,1504601982,POINT (-5.2453 35.5564)
Masmouda,Masmouda,34.7862,-5.7078,Morocco,MA,MAR,Tanger-Tétouan-Al Hoceïma,,16106,1504193768,POINT (-5.7078 34.7862)
Ait Yaazem,Ait Yaazem,33.7333,-5.5833,Morocco,MA,MAR,Fès-Meknès,,16091,1504697698,POINT (-5.5833 33.7333)
Bouchabel,Bouchabel,34.3833,-5.0167,Morocco,MA,MAR,Fès-Meknès,,16084,1504000782,POINT (-5.0167 34.3833)
Bni Quolla,Bni Quolla,34.738,-5.5441,Morocco,MA,MAR,Tanger-Tétouan-Al Hoceïma,,16049,1504770766,POINT (-5.5441 34.738)
Bou Djeniba,Bou Djeniba,32.9,-6.7833,Morocco,MA,MAR,Béni Mellal-Khénifra,,16030,1504676510,POINT (-6.7833 32.9)
Khat Azakane,Khat Azakane,32.2226,-9.1343,Morocco,MA,MAR,Marrakech-Safi,,16014,1504377421,POINT (-9.1343 32.2226)
Sidi Azzouz,Sidi Azzouz,31.7667,-7.6667,Morocco,MA,MAR,Marrakech-Safi,,16001,1504893148,POINT (-7.6667 31.7667)
Zemrane,Zemrane,31.67,-7.44,Morocco,MA,MAR,Marrakech-Safi,,15996,1504983059,POINT (-7.44 31.67)
Caidat Sidi Boubker El Haj,Caidat Sidi Boubker El Haj,34.9148,-6.0735,Morocco,MA,MAR,Rabat-Salé-Kénitra,,15990,1504131696,POINT (-6.0735 34.9148)
L’Oulja,L'Oulja,34.2894,-4.9481,Morocco,MA,MAR,Fès-Meknès,,15956,1504438935,POINT (-4.9481 34.2894)
Ras el Oued,Ras el Oued,34.15,-4.0,Morocco,MA,MAR,Fès-Meknès,,15949,1504000629,POINT (-4 34.15)
Haddada,Haddada,34.2236,-6.5111,Morocco,MA,MAR,Rabat-Salé-Kénitra,,15898,1504933242,POINT (-6.5111 34.2236)
Sidi Allal el Bahraoui,Sidi Allal el Bahraoui,33.983,-6.417,Morocco,MA,MAR,Rabat-Salé-Kénitra,,15866,1504503519,POINT (-6.417 33.983)
Tamazouzt,Tamazouzt,31.3833,-8.3833,Morocco,MA,MAR,Marrakech-Safi,,15846,1504120032,POINT (-8.3833 31.3833)
Ras El Oued,Ras El Oued,34.339,-4.5558,Morocco,MA,MAR,Fès-Meknès,,15778,1504323676,POINT (-4.5558 34.339)
Aïn Mediouna,Ain Mediouna,34.5,-4.55,Morocco,MA,MAR,Fès-Meknès,,15770,1504603767,POINT (-4.55 34.5)
Sebt Bni Smith,Sebt Bni Smith,35.1373,-4.7107,Morocco,MA,MAR,Tanger-Tétouan-Al Hoceïma,,15577,1504877940,POINT (-4.7107 35.1373)
Skhour Rehamna,Skhour Rehamna,32.4833,-7.9167,Morocco,MA,MAR,Marrakech-Safi,,15479,1504150525,POINT (-7.9167 32.4833)
Al Hammam,Al Hammam,33.1868,-5.6225,Morocco,MA,MAR,Béni Mellal-Khénifra,,15438,1504972770,POINT (-5.6225 33.1868)
Ezzhiliga,Ezzhiliga,33.3,-6.5333,Morocco,MA,MAR,Rabat-Salé-Kénitra,,15430,1504882785,POINT (-6.5333 33.3)
Anazzou,Anazzou,30.6333,-8.05,Morocco,MA,MAR,Souss-Massa,,15429,1504693352,POINT (-8.05 30.6333)
Tendrara,Tendrara,33.05,-2.0,Morocco,MA,MAR,Oriental,,15390,1504340310,POINT (-2 33.05)
Aç-çahrij,Ac-cahrij,31.8,-7.14,Morocco,MA,MAR,Marrakech-Safi,,15385,1504655221,POINT (-7.14 31.8)
Moul El Bergui,Moul El Bergui,32.5113,-8.9849,Morocco,MA,MAR,Marrakech-Safi,,15342,1504152809,POINT (-8.9849 32.5113)
Aïn Jemaa,Ain Jemaa,34.0333,-5.8,Morocco,MA,MAR,Fès-Meknès,,15265,1504158964,POINT (-5.8 34.0333)
Tazert,Tazert,31.6597,-7.4092,Morocco,MA,MAR,Marrakech-Safi,,15243,1504394144,POINT (-7.4092 31.6597)
Souk Et-Tleta des Oulad Hamdane,Souk Et-Tleta des Oulad Hamdane,33.1047,-8.2495,Morocco,MA,MAR,Casablanca-Settat,,15205,1504163979,POINT (-8.2495 33.1047)
Tirhassaline,Tirhassaline,32.7833,-5.65,Morocco,MA,MAR,Béni Mellal-Khénifra,,15204,1504798306,POINT (-5.65 32.7833)
Douar El Arbaa Bou Quorra,Douar El Arbaa Bou Quorra,34.749,-5.1982,Morocco,MA,MAR,Tanger-Tétouan-Al Hoceïma,,15165,1504563622,POINT (-5.1982 34.749)
Oulad Bou Rahmoun,Oulad Bou Rahmoun,32.2954,-6.6668,Morocco,MA,MAR,Béni Mellal-Khénifra,,15113,1504264037,POINT (-6.6668 32.2954)
Mellila,Mellila,33.3833,-7.1333,Morocco,MA,MAR,Casablanca-Settat,,15081,1504008725,POINT (-7.1333 33.3833)
Sabbah,Sabbah,33.8036,-7.0372,Morocco,MA,MAR,Rabat-Salé-Kénitra,,15029,1504883472,POINT (-7.0372 33.8036)
Midar,Midar,34.95,-3.5333,Morocco,MA,MAR,Oriental,,15021,1504267844,POINT (-3.5333 34.95)
Esbiaat,Esbiaat,32.2044,-8.5608,Morocco,MA,MAR,Marrakech-Safi,,14986,1504764211,POINT (-8.5608 32.2044)
Douar Souk L‘qolla,Douar Souk L`qolla,35.0718,-5.5702,Morocco,MA,MAR,Tanger-Tétouan-Al Hoceïma,,14965,1504031338,POINT (-5.5702 35.0718)
Tabant,Tabant,31.6581,-6.42,Morocco,MA,MAR,Béni Mellal-Khénifra,,14963,1504160916,POINT (-6.42 31.6581)
’Tlat Bni Oukil,'Tlat Bni Oukil,32.577,-6.84,Morocco,MA,MAR,Béni Mellal-Khénifra,,14960,1504789319,POINT (-6.84 32.577)
Sidi Zouine,Sidi Zouine,31.6706,-8.3508,Morocco,MA,MAR,Marrakech-Safi,,14954,1504333871,POINT (-8.3508 31.6706)
Oued Jdida,Oued Jdida,33.9333,-5.3667,Morocco,MA,MAR,Fès-Meknès,,14935,1504052620,POINT (-5.3667 33.9333)
Gourrama,Gourrama,32.3333,-4.0833,Morocco,MA,MAR,Drâa-Tafilalet,,14927,1504780592,POINT (-4.0833 32.3333)
Aghbal,Aghbal,34.9394,-2.1272,Morocco,MA,MAR,Oriental,,14908,1504000927,POINT (-2.1272 34.9394)
Nzalat Laadam,Nzalat Laadam,32.1,-7.95,Morocco,MA,MAR,Marrakech-Safi,,14838,1504318940,POINT (-7.95 32.1)
Ighrem n’Ougdal,Ighrem n'Ougdal,31.2333,-7.4333,Morocco,MA,MAR,Drâa-Tafilalet,,14804,1504078159,POINT (-7.4333 31.2333)
Bni Darkoul,Bni Darkoul,35.0563,-5.0688,Morocco,MA,MAR,Tanger-Tétouan-Al Hoceïma,,14779,1504747977,POINT (-5.0688 35.0563)
Driouch,Driouch,34.9833,-3.3833,Morocco,MA,MAR,Oriental,,14741,1504125393,POINT (-3.3833 34.9833)
Douar Oulad Driss,Douar Oulad Driss,31.9039,-8.3024,Morocco,MA,MAR,Marrakech-Safi,,14716,1504141138,POINT (-8.3024 31.9039)
Oulad Driss,Oulad Driss,31.9996,-8.2276,Morocco,MA,MAR,Marrakech-Safi,,14716,1504026756,POINT (-8.2276 31.9996)
Mediouna,Mediouna,33.45,-7.51,Morocco,MA,MAR,Casablanca-Settat,,14712,1504371270,POINT (-7.51 33.45)
Ifrane,Ifrane,33.5333,-5.1167,Morocco,MA,MAR,Fès-Meknès,,14659,1504656119,POINT (-5.1167 33.5333)
Wawizaght,Wawizaght,32.1586,-6.355,Morocco,MA,MAR,Béni Mellal-Khénifra,,14570,1504619132,POINT (-6.355 32.1586)
Ayt ’Attou ou L’Arbi,Ayt 'Attou ou L'Arbi,31.5456,-8.2967,Morocco,MA,MAR,Marrakech-Safi,,14544,1504796196,POINT (-8.2967 31.5456)
Madagh,Madagh,35.0133,-2.3397,Morocco,MA,MAR,Oriental,,14486,1504000835,POINT (-2.3397 35.0133)
Boula’wane,Boula'wane,32.8607,-8.053,Morocco,MA,MAR,Casablanca-Settat,,14485,1504484491,POINT (-8.053 32.8607)
Tagalft,Tagalft,32.2389,-6.1238,Morocco,MA,MAR,Béni Mellal-Khénifra,,14423,1504338163,POINT (-6.1238 32.2389)
Ourtzagh,Ourtzagh,34.55,-4.9333,Morocco,MA,MAR,Fès-Meknès,,14381,1504945412,POINT (-4.9333 34.55)
Sidi Azzouz,Sidi Azzouz,34.5411,-5.7516,Morocco,MA,MAR,Rabat-Salé-Kénitra,,14356,1504816748,POINT (-5.7516 34.5411)
Zaouiat Moulay Bouchta El Khammar,Zaouiat Moulay Bouchta El Khammar,34.4833,-5.1167,Morocco,MA,MAR,Fès-Meknès,,14347,1504234234,POINT (-5.1167 34.4833)
Ihaddadene,Ihaddadene,31.2,-9.65,Morocco,MA,MAR,Marrakech-Safi,,14345,1504932139,POINT (-9.65 31.2)
Ait Yazza,Ait Yazza,30.5063,-8.7931,Morocco,MA,MAR,Souss-Massa,,14259,1504675685,POINT (-8.7931 30.5063)
Ben Taieb,Ben Taieb,35.0837,-3.4696,Morocco,MA,MAR,Oriental,,14257,1504783487,POINT (-3.4696 35.0837)
Tafrant,Tafrant,34.625,-5.1242,Morocco,MA,MAR,Fès-Meknès,,14246,1504722056,POINT (-5.1242 34.625)
Bou Izakarn,Bou Izakarn,29.1667,-9.7333,Morocco,MA,MAR,Guelmim-Oued Noun,,14228,1504787076,POINT (-9.7333 29.1667)
Douar Hammadi,Douar Hammadi,31.609,-8.4604,Morocco,MA,MAR,Marrakech-Safi,,14227,1504604687,POINT (-8.4604 31.609)
Bezou,Bezou,32.0833,-7.05,Morocco,MA,MAR,Béni Mellal-Khénifra,,14072,1504408285,POINT (-7.05 32.0833)
Talwat,Talwat,31.2883,-7.2372,Morocco,MA,MAR,Drâa-Tafilalet,,14060,1504140319,POINT (-7.2372 31.2883)
Sidi Abdelkarim,Sidi Abdelkarim,33.1869,-7.2333,Morocco,MA,MAR,Casablanca-Settat,,14037,1504411270,POINT (-7.2333 33.1869)
Temsamane,Temsamane,35.1167,-3.6333,Morocco,MA,MAR,Oriental,,13920,1504304960,POINT (-3.6333 35.1167)
Oulad Chikh,Oulad Chikh,32.8544,-7.5386,Morocco,MA,MAR,Casablanca-Settat,,13866,1504262708,POINT (-7.5386 32.8544)
Toulal,Toulal,32.3036,-3.9861,Morocco,MA,MAR,Drâa-Tafilalet,,13852,1504925224,POINT (-3.9861 32.3036)
Khmis Sidi al ’Aydi,Khmis Sidi al 'Aydi,33.1228,-7.6219,Morocco,MA,MAR,Casablanca-Settat,,13839,1504059482,POINT (-7.6219 33.1228)
Arbaa Laaounate,Arbaa Laaounate,32.7446,-8.1942,Morocco,MA,MAR,Casablanca-Settat,,13793,1504711140,POINT (-8.1942 32.7446)
Douar Lehgagcha,Douar Lehgagcha,32.55,-8.7167,Morocco,MA,MAR,Casablanca-Settat,,13748,1504017254,POINT (-8.7167 32.55)
Mqam at Tolba,Mqam at Tolba,34.0173,-6.25,Morocco,MA,MAR,Rabat-Salé-Kénitra,,13503,1504020296,POINT (-6.25 34.0173)
Targuist,Targuist,34.95,-4.3,Morocco,MA,MAR,Tanger-Tétouan-Al Hoceïma,,13390,1504459578,POINT (-4.3 34.95)
Kissane Ltouqi,Kissane Ltouqi,34.6,-5.0833,Morocco,MA,MAR,Fès-Meknès,,13390,1504247609,POINT (-5.0833 34.6)
Tounfit,Tounfit,32.4667,-5.2333,Morocco,MA,MAR,Drâa-Tafilalet,,13297,1504650500,POINT (-5.2333 32.4667)
Reggada,Reggada,29.5205,-9.6664,Morocco,MA,MAR,Souss-Massa,,13284,1504921230,POINT (-9.6664 29.5205)
Sebt Labrikiyne,Sebt Labrikiyne,32.2944,-8.0722,Morocco,MA,MAR,Marrakech-Safi,,13225,1504100244,POINT (-8.0722 32.2944)
El Kansera,El Kansera,34.0419,-5.9272,Morocco,MA,MAR,Rabat-Salé-Kénitra,,13209,1504142817,POINT (-5.9272 34.0419)
Douar Sidi Laaroussi,Douar Sidi Laaroussi,31.845,-9.1586,Morocco,MA,MAR,Marrakech-Safi,,13202,1504954714,POINT (-9.1586 31.845)
Zayda,Zayda,32.8167,-4.95,Morocco,MA,MAR,Drâa-Tafilalet,,13181,1504467977,POINT (-4.95 32.8167)
Asjen,Asjen,34.85,-5.6167,Morocco,MA,MAR,Tanger-Tétouan-Al Hoceïma,,13139,1504066835,POINT (-5.6167 34.85)
Bhalil,Bhalil,33.85,-4.8667,Morocco,MA,MAR,Fès-Meknès,,12997,1504827842,POINT (-4.8667 33.85)
Ksar Sghir,Ksar Sghir,35.8419,-5.5586,Morocco,MA,MAR,Tanger-Tétouan-Al Hoceïma,,12997,1504919377,POINT (-5.5586 35.8419)
Sebt Bni Garfett,Sebt Bni Garfett,35.25,-5.8333,Morocco,MA,MAR,Tanger-Tétouan-Al Hoceïma,,12994,1504641834,POINT (-5.8333 35.25)
Bou Fekrane,Bou Fekrane,33.7667,-5.4833,Morocco,MA,MAR,Fès-Meknès,,12941,1504146532,POINT (-5.4833 33.7667)
Bni Khloug,Bni Khloug,32.65,-7.3833,Morocco,MA,MAR,Casablanca-Settat,,12930,1504624308,POINT (-7.3833 32.65)
Douar Oulad Youssef,Douar Oulad Youssef,32.4807,-6.3769,Morocco,MA,MAR,Béni Mellal-Khénifra,,12804,1504001351,POINT (-6.3769 32.4807)
Kasba Tanora,Kasba Tanora,32.4751,-6.1498,Morocco,MA,MAR,Béni Mellal-Khénifra,,12783,1504367360,POINT (-6.1498 32.4751)
Aghbala,Aghbala,32.4833,-5.6333,Morocco,MA,MAR,Béni Mellal-Khénifra,,12781,1504000722,POINT (-5.6333 32.4833)
Tizgane,Tizgane,35.4136,-5.0696,Morocco,MA,MAR,Tanger-Tétouan-Al Hoceïma,,12773,1504806808,POINT (-5.0696 35.4136)
Zag,Zag,28.0167,-9.3333,Morocco,MA,MAR,Guelmim-Oued Noun,,12763,1504746689,POINT (-9.3333 28.0167)
Oulad Rahmoun,Oulad Rahmoun,32.3278,-6.5006,Morocco,MA,MAR,Béni Mellal-Khénifra,,12720,1504810043,POINT (-6.5006 32.3278)
Laamarna,Laamarna,31.8944,-8.9842,Morocco,MA,MAR,Marrakech-Safi,,12717,1504140780,POINT (-8.9842 31.8944)
Bou Adel,Bou Adel,34.5428,-4.5075,Morocco,MA,MAR,Fès-Meknès,,12684,1504793576,POINT (-4.5075 34.5428)
Aït Youssef Ou Ali,Ait Youssef Ou Ali,31.9833,-5.7833,Morocco,MA,MAR,Drâa-Tafilalet,,12673,1504087117,POINT (-5.7833 31.9833)
Ahermoumou,Ahermoumou,33.8184,-4.4106,Morocco,MA,MAR,Fès-Meknès,,12654,1504332158,POINT (-4.4106 33.8184)
El Menzel,El Menzel,33.8389,-4.5458,Morocco,MA,MAR,Fès-Meknès,,12641,1504965368,POINT (-4.5458 33.8389)
Souakene,Souakene,35.1167,-5.95,Morocco,MA,MAR,Tanger-Tétouan-Al Hoceïma,,12632,1504734379,POINT (-5.95 35.1167)
Teroual,Teroual,34.6667,-5.2667,Morocco,MA,MAR,Tanger-Tétouan-Al Hoceïma,,12621,1504418024,POINT (-5.2667 34.6667)
Tamsaout,Tamsaout,29.5333,-8.85,Morocco,MA,MAR,Souss-Massa,,12610,1504846802,POINT (-8.85 29.5333)
Oulad Ouchchih,Oulad Ouchchih,35.0939,-5.9454,Morocco,MA,MAR,Tanger-Tétouan-Al Hoceïma,,12608,1504064976,POINT (-5.9454 35.0939)
Ounagha,Ounagha,31.5333,-9.55,Morocco,MA,MAR,Marrakech-Safi,,12461,1504589161,POINT (-9.55 31.5333)
Boumia,Boumia,32.7228,-5.1053,Morocco,MA,MAR,Drâa-Tafilalet,,12444,1504947716,POINT (-5.1053 32.7228)
Oulad Fares,Oulad Fares,35.5167,-5.9333,Morocco,MA,MAR,Tanger-Tétouan-Al Hoceïma,,12341,1504046403,POINT (-5.9333 35.5167)
Oulad Aïssa,Oulad Aissa,30.558,-8.614,Morocco,MA,MAR,Souss-Massa,,12331,1504718030,POINT (-8.614 30.558)
Jaidte Lbatma,Jaidte Lbatma,31.6806,-7.7281,Morocco,MA,MAR,Marrakech-Safi,,12330,1504017587,POINT (-7.7281 31.6806)
Boumalne,Boumalne,31.4236,-6.0722,Morocco,MA,MAR,Drâa-Tafilalet,,12328,1504840361,POINT (-6.0722 31.4236)
Nkheila,Nkheila,32.9239,-7.0692,Morocco,MA,MAR,Casablanca-Settat,,12306,1504638850,POINT (-7.0692 32.9239)
Aj Jourf,Aj Jourf,31.4903,-4.4014,Morocco,MA,MAR,Drâa-Tafilalet,,12302,1504982069,POINT (-4.4014 31.4903)
Ar Rommani,Ar Rommani,33.5333,-6.6167,Morocco,MA,MAR,Rabat-Salé-Kénitra,,12297,1504782261,POINT (-6.6167 33.5333)
Ain Kansara,Ain Kansara,34.15,-4.8314,Morocco,MA,MAR,Fès-Meknès,,12291,1504724133,POINT (-4.8314 34.15)
Guisser,Guisser,32.7667,-7.5,Morocco,MA,MAR,Casablanca-Settat,,12289,1504348253,POINT (-7.5 32.7667)
Gharbia,Gharbia,35.5153,-5.9306,Morocco,MA,MAR,Tanger-Tétouan-Al Hoceïma,,12274,1504656773,POINT (-5.9306 35.5153)
Oulad Hamdane,Oulad Hamdane,32.3736,-8.5395,Morocco,MA,MAR,Marrakech-Safi,,12252,1504871479,POINT (-8.5395 32.3736)
Malloussa,Malloussa,35.7333,-5.6333,Morocco,MA,MAR,Tanger-Tétouan-Al Hoceïma,,12250,1504867364,POINT (-5.6333 35.7333)
Tahannawt,Tahannawt,31.3514,-7.9508,Morocco,MA,MAR,Marrakech-Safi,,12102,1504266057,POINT (-7.9508 31.3514)
Mayate,Mayate,32.2667,-7.5167,Morocco,MA,MAR,Marrakech-Safi,,12101,1504516626,POINT (-7.5167 32.2667)
Steha,Steha,35.3646,-4.9306,Morocco,MA,MAR,Tanger-Tétouan-Al Hoceïma,,12034,1504350850,POINT (-4.9306 35.3646)
Al Fayd,Al Fayd,30.6167,-8.2167,Morocco,MA,MAR,Souss-Massa,,12011,1504770478,POINT (-8.2167 30.6167)
Oulad Daoud,Oulad Daoud,34.4058,-4.6939,Morocco,MA,MAR,Fès-Meknès,,11978,1504977021,POINT (-4.6939 34.4058)
Ain Beida,Ain Beida,31.585,-8.608,Morocco,MA,MAR,Marrakech-Safi,,11978,1504673651,POINT (-8.608 31.585)
Souq Jamaa Fdalate,Souq Jamaa Fdalate,33.5911,-7.2792,Morocco,MA,MAR,Casablanca-Settat,,11966,1504280232,POINT (-7.2792 33.5911)
Sidi Yahia,Sidi Yahia,30.4969,-8.8211,Morocco,MA,MAR,Souss-Massa,,11955,1504503193,POINT (-8.8211 30.4969)
Aït I’yach,Ait I'yach,32.6667,-4.9556,Morocco,MA,MAR,Drâa-Tafilalet,,11946,1504002583,POINT (-4.9556 32.6667)
Matmata,Matmata,34.1,-4.55,Morocco,MA,MAR,Fès-Meknès,,11928,1504966128,POINT (-4.55 34.1)
Tizi Nisly,Tizi Nisly,32.4667,-5.7667,Morocco,MA,MAR,Béni Mellal-Khénifra,,11918,1504779871,POINT (-5.7667 32.4667)
Zemamra,Zemamra,32.6215,-8.7023,Morocco,MA,MAR,Casablanca-Settat,,11896,1504256384,POINT (-8.7023 32.6215)
Oulad Amrane el Mekki,Oulad Amrane el Mekki,35.2167,-5.9667,Morocco,MA,MAR,Tanger-Tétouan-Al Hoceïma,,11866,1504220156,POINT (-5.9667 35.2167)
El Arba Des Bir Lenni,El Arba Des Bir Lenni,34.3272,-4.2039,Morocco,MA,MAR,Fès-Meknès,,11866,1504816982,POINT (-4.2039 34.3272)
Tiddas,Tiddas,33.5665,-6.2659,Morocco,MA,MAR,Rabat-Salé-Kénitra,,11831,1504837627,POINT (-6.2659 33.5665)
Toualet,Toualet,32.7333,-7.1833,Morocco,MA,MAR,Casablanca-Settat,,11815,1504141379,POINT (-7.1833 32.7333)
Sidi Amer El Hadi,Sidi Amer El Hadi,34.7992,-5.8394,Morocco,MA,MAR,Rabat-Salé-Kénitra,,11814,1504103648,POINT (-5.8394 34.7992)
Tifni,Tifni,31.6281,-6.9444,Morocco,MA,MAR,Béni Mellal-Khénifra,,11760,1504629455,POINT (-6.9444 31.6281)
Tamezmout,Tamezmout,30.8075,-6.1142,Morocco,MA,MAR,Drâa-Tafilalet,,11697,1504920011,POINT (-6.1142 30.8075)
Moulay Driss Zerhoun,Moulay Driss Zerhoun,34.0542,-5.5272,Morocco,MA,MAR,Fès-Meknès,,11615,1504880171,POINT (-5.5272 34.0542)
Oulad Friha,Oulad Friha,32.6108,-7.625,Morocco,MA,MAR,Casablanca-Settat,,11581,1504629949,POINT (-7.625 32.6108)
Oulad Hamdane,Oulad Hamdane,32.3333,-6.3667,Morocco,MA,MAR,Béni Mellal-Khénifra,,11577,1504839995,POINT (-6.3667 32.3333)
Derdara,Derdara,35.1103,-5.2872,Morocco,MA,MAR,Tanger-Tétouan-Al Hoceïma,,11547,1504274445,POINT (-5.2872 35.1103)
Sidi Kasem,Sidi Kasem,35.5339,-5.2183,Morocco,MA,MAR,Tanger-Tétouan-Al Hoceïma,,11537,1504343854,POINT (-5.2183 35.5339)
Taïneste,Taineste,34.5573,-4.136,Morocco,MA,MAR,Fès-Meknès,,11530,1504640576,POINT (-4.136 34.5573)
Al M’aziz,Al M'aziz,33.6667,-6.3167,Morocco,MA,MAR,Rabat-Salé-Kénitra,,11502,1504103308,POINT (-6.3167 33.6667)
Dzouz,Dzouz,31.89,-7.32,Morocco,MA,MAR,Marrakech-Safi,,11501,1504484074,POINT (-7.32 31.89)
Bouabout,Bouabout,31.2667,-9.1833,Morocco,MA,MAR,Marrakech-Safi,,11494,1504119259,POINT (-9.1833 31.2667)
Tawnza,Tawnza,32.0944,-6.6025,Morocco,MA,MAR,Béni Mellal-Khénifra,,11488,1504959614,POINT (-6.6025 32.0944)
Douar Trougout,Douar Trougout,35.18,-3.77,Morocco,MA,MAR,Oriental,,11458,1504618230,POINT (-3.77 35.18)
Ahlaf,Ahlaf,33.2833,-7.2,Morocco,MA,MAR,Casablanca-Settat,,11451,1504239196,POINT (-7.2 33.2833)
Sidi Moussa Ben Ali,Sidi Moussa Ben Ali,33.5594,-7.3817,Morocco,MA,MAR,Casablanca-Settat,,11445,1504600250,POINT (-7.3817 33.5594)
El Khemis des Beni Chegdal,El Khemis des Beni Chegdal,32.4441,-6.9551,Morocco,MA,MAR,Béni Mellal-Khénifra,,11444,1504549116,POINT (-6.9551 32.4441)
Amdel,Amdel,31.5617,-8.8944,Morocco,MA,MAR,Marrakech-Safi,,11438,1504656724,POINT (-8.8944 31.5617)
Ain Legdah,Ain Legdah,34.1667,-4.5,Morocco,MA,MAR,Fès-Meknès,,11422,1504429679,POINT (-4.5 34.1667)
Laqraqra,Laqraqra,32.4333,-7.4333,Morocco,MA,MAR,Marrakech-Safi,,11419,1504203728,POINT (-7.4333 32.4333)
Douar Sgarta,Douar Sgarta,32.1667,-7.6333,Morocco,MA,MAR,Marrakech-Safi,,11387,1504288503,POINT (-7.6333 32.1667)
Lahfayr,Lahfayr,30.57,-8.4878,Morocco,MA,MAR,Souss-Massa,,11374,1504992138,POINT (-8.4878 30.57)
Boudenib,Boudenib,31.9497,-3.6078,Morocco,MA,MAR,Drâa-Tafilalet,,11373,1504858254,POINT (-3.6078 31.9497)
Tilmi,Tilmi,31.8189,-5.7718,Morocco,MA,MAR,Drâa-Tafilalet,,11372,1504580420,POINT (-5.7718 31.8189)
Douar Oulad Naoual,Douar Oulad Naoual,34.4936,-5.7108,Morocco,MA,MAR,Rabat-Salé-Kénitra,,11371,1504215350,POINT (-5.7108 34.4936)
Lamsabih,Lamsabih,32.2933,-8.6889,Morocco,MA,MAR,Marrakech-Safi,,11339,1504233689,POINT (-8.6889 32.2933)
Ouaklim Oukider,Ouaklim Oukider,31.45,-5.55,Morocco,MA,MAR,Drâa-Tafilalet,,11338,1504219729,POINT (-5.55 31.45)
Jem’at Oulad ’Abbou,Jem'at Oulad 'Abbou,33.1156,-7.9333,Morocco,MA,MAR,Casablanca-Settat,,11299,1504650087,POINT (-7.9333 33.1156)
Lafrayta,Lafrayta,31.9167,-7.25,Morocco,MA,MAR,Marrakech-Safi,,11298,1504011173,POINT (-7.25 31.9167)
Commune Sidi Youssef Ben Ahmed,Commune Sidi Youssef Ben Ahmed,33.7861,-4.8152,Morocco,MA,MAR,Fès-Meknès,,11292,1504774244,POINT (-4.8152 33.7861)
El Ghourdane,El Ghourdane,32.3205,-8.7637,Morocco,MA,MAR,Marrakech-Safi,,11291,1504617504,POINT (-8.7637 32.3205)
Jamaat Shaim,Jamaat Shaim,32.3486,-8.8431,Morocco,MA,MAR,Marrakech-Safi,,11251,1504695746,POINT (-8.8431 32.3486)
Touama,Touama,31.5339,-7.4872,Morocco,MA,MAR,Marrakech-Safi,,11243,1504529527,POINT (-7.4872 31.5339)
Sidi Abdellah Ben Taazizt,Sidi Abdellah Ben Taazizt,34.0019,-5.3695,Morocco,MA,MAR,Fès-Meknès,,11227,1504278658,POINT (-5.3695 34.0019)
Iygli,Iygli,29.5001,-9.0501,Morocco,MA,MAR,Souss-Massa,,11197,1504318474,POINT (-9.0501 29.5001)
Tissa,Tissa,35.0228,-4.1408,Morocco,MA,MAR,Fès-Meknès,,11195,1504017756,POINT (-4.1408 35.0228)
Douar Jwalla,Douar Jwalla,31.89,-7.44,Morocco,MA,MAR,Marrakech-Safi,,11168,1504383482,POINT (-7.44 31.89)
Boujediane,Boujediane,35.1114,-5.7823,Morocco,MA,MAR,Tanger-Tétouan-Al Hoceïma,,11166,1504110188,POINT (-5.7823 35.1114)
Douar Ain Maatouf,Douar Ain Maatouf,34.4352,-4.5566,Morocco,MA,MAR,Fès-Meknès,,11165,1504798283,POINT (-4.5566 34.4352)
Zaouiet Says,Zaouiet Says,32.7931,-8.6506,Morocco,MA,MAR,Casablanca-Settat,,11160,1504180910,POINT (-8.6506 32.7931)
Iazizatene,Iazizatene,35.2544,-3.115,Morocco,MA,MAR,Oriental,,11131,1504122645,POINT (-3.115 35.2544)
Kariat Ben Aouda,Kariat Ben Aouda,34.7667,-5.95,Morocco,MA,MAR,Rabat-Salé-Kénitra,,11087,1504991922,POINT (-5.95 34.7667)
Farkhâna,Farkhana,35.2833,-3.0167,Morocco,MA,MAR,Oriental,,10994,1504047941,POINT (-3.0167 35.2833)
Takad Sahel,Takad Sahel,30.25,-9.55,Morocco,MA,MAR,Souss-Massa,,10968,1504426241,POINT (-9.55 30.25)
Timahdit,Timahdit,33.2369,-5.06,Morocco,MA,MAR,Fès-Meknès,,10945,1504460788,POINT (-5.06 33.2369)
Bni Drar,Bni Drar,34.8578,-1.9928,Morocco,MA,MAR,Oriental,,10934,1504593239,POINT (-1.9928 34.8578)
Figuig,Figuig,32.1167,-1.2269,Morocco,MA,MAR,Oriental,,10872,1504487887,POINT (-1.2269 32.1167)
Imi Mokorn,Imi Mokorn,30.1675,-9.2322,Morocco,MA,MAR,Souss-Massa,,10748,1504588665,POINT (-9.2322 30.1675)
Douar Bouchfaa,Douar Bouchfaa,34.1014,-4.2939,Morocco,MA,MAR,Fès-Meknès,,10724,1504240184,POINT (-4.2939 34.1014)
Tanant,Tanant,31.8667,-6.95,Morocco,MA,MAR,Béni Mellal-Khénifra,,10706,1504879588,POINT (-6.95 31.8667)
Arbaa Sahel,Arbaa Sahel,29.5993,-9.877,Morocco,MA,MAR,Souss-Massa,,10705,1504199672,POINT (-9.877 29.5993)
Taouloukoult,Taouloukoult,31.2167,-9.0833,Morocco,MA,MAR,Marrakech-Safi,,10682,1504583141,POINT (-9.0833 31.2167)
Agdz,Agdz,30.6978,-6.4497,Morocco,MA,MAR,Drâa-Tafilalet,,10681,1504481123,POINT (-6.4497 30.6978)
Sebt Ait Ikkou,Sebt Ait Ikkou,33.6686,-6.1372,Morocco,MA,MAR,Rabat-Salé-Kénitra,,10676,1504653022,POINT (-6.1372 33.6686)
Lamhadi,Lamhadi,32.3,-9.0167,Morocco,MA,MAR,Marrakech-Safi,,10651,1504208121,POINT (-9.0167 32.3)
Hetane,Hetane,32.8403,-6.8025,Morocco,MA,MAR,Béni Mellal-Khénifra,,10618,1504001674,POINT (-6.8025 32.8403)
Itzer,Itzer,32.8833,-5.05,Morocco,MA,MAR,Drâa-Tafilalet,,10613,1504216124,POINT (-5.05 32.8833)
Toundout,Toundout,31.2667,-6.5833,Morocco,MA,MAR,Drâa-Tafilalet,,10606,1504645333,POINT (-6.5833 31.2667)
Abadou,Abadou,31.5797,-7.3122,Morocco,MA,MAR,Marrakech-Safi,,10602,1504229584,POINT (-7.3122 31.5797)
Aïn Zora,Ain Zora,34.66,-3.53,Morocco,MA,MAR,Oriental,,10601,1504442402,POINT (-3.53 34.66)
Aït Hani,Ait Hani,31.7786,-5.4555,Morocco,MA,MAR,Drâa-Tafilalet,,10587,1504963024,POINT (-5.4555 31.7786)
Tamanar,Tamanar,31.0,-9.6667,Morocco,MA,MAR,Marrakech-Safi,,10584,1504600694,POINT (-9.6667 31)
Had Laaounate,Had Laaounate,32.6128,-8.2256,Morocco,MA,MAR,Casablanca-Settat,,10580,1504308918,POINT (-8.2256 32.6128)
Tourza,Tourza,29.4778,-10.0158,Morocco,MA,MAR,Guelmim-Oued Noun,,10577,1504097455,POINT (-10.0158 29.4778)
Amtar,Amtar,35.2385,-4.7943,Morocco,MA,MAR,Tanger-Tétouan-Al Hoceïma,,10574,1504617084,POINT (-4.7943 35.2385)
Mokrisset,Mokrisset,34.91,-5.3536,Morocco,MA,MAR,Tanger-Tétouan-Al Hoceïma,,10545,1504941621,POINT (-5.3536 34.91)
Tilougguit,Tilougguit,32.0333,-6.2,Morocco,MA,MAR,Béni Mellal-Khénifra,,10544,1504513715,POINT (-6.2 32.0333)
Sidi Bousber,Sidi Bousber,34.5667,-5.3667,Morocco,MA,MAR,Tanger-Tétouan-Al Hoceïma,,10528,1504787633,POINT (-5.3667 34.5667)
Souq Sebt Says,Souq Sebt Says,32.7773,-8.6433,Morocco,MA,MAR,Casablanca-Settat,,10488,1504725186,POINT (-8.6433 32.7773)
Sidi Abdallah,Sidi Abdallah,32.5783,-7.8108,Morocco,MA,MAR,Marrakech-Safi,,10481,1504890231,POINT (-7.8108 32.5783)
Sidi Boushab,Sidi Boushab,30.074,-9.279,Morocco,MA,MAR,Souss-Massa,,10438,1504333059,POINT (-9.279 30.074)
Zawyat Ahançal,Zawyat Ahancal,31.8325,-6.1056,Morocco,MA,MAR,Béni Mellal-Khénifra,,10435,1504237708,POINT (-6.1056 31.8325)
Awfouss,Awfouss,31.6833,-4.1667,Morocco,MA,MAR,Drâa-Tafilalet,,10424,1504561866,POINT (-4.1667 31.6833)
Oulad Slim,Oulad Slim,32.7775,-7.7725,Morocco,MA,MAR,Casablanca-Settat,,10410,1504468299,POINT (-7.7725 32.7775)
Oued Amlil,Oued Amlil,34.2,-4.2833,Morocco,MA,MAR,Fès-Meknès,,10405,1504286809,POINT (-4.2833 34.2)
Brikcha,Brikcha,34.9667,-5.5833,Morocco,MA,MAR,Tanger-Tétouan-Al Hoceïma,,10399,1504666840,POINT (-5.5833 34.9667)
Douar Echbanat,Douar Echbanat,34.214,-5.3508,Morocco,MA,MAR,Fès-Meknès,,10371,1504340049,POINT (-5.3508 34.214)
Tnine Sidi Lyamani,Tnine Sidi Lyamani,35.37,-5.97,Morocco,MA,MAR,Tanger-Tétouan-Al Hoceïma,,10365,1504028221,POINT (-5.97 35.37)
Beni Oulid,Beni Oulid,34.5897,-4.4514,Morocco,MA,MAR,Fès-Meknès,,10324,1504501654,POINT (-4.4514 34.5897)
Aghbalou n’Kerdous,Aghbalou n'Kerdous,31.6767,-5.2976,Morocco,MA,MAR,Drâa-Tafilalet,,10313,1504201813,POINT (-5.2976 31.6767)
Bounaamane,Bounaamane,29.5283,-9.8044,Morocco,MA,MAR,Souss-Massa,,10310,1504463740,POINT (-9.8044 29.5283)
Jaqma,Jaqma,33.292,-7.44,Morocco,MA,MAR,Casablanca-Settat,,10306,1504002032,POINT (-7.44 33.292)
Dar Si Aissa,Dar Si Aissa,32.4199,-8.908,Morocco,MA,MAR,Marrakech-Safi,,10266,1504931442,POINT (-8.908 32.4199)
Sgamna,Sgamna,32.7342,-7.2025,Morocco,MA,MAR,Casablanca-Settat,,10245,1504088334,POINT (-7.2025 32.7342)
Ksar Lmajaz,Ksar Lmajaz,35.8428,-5.5586,Morocco,MA,MAR,Tanger-Tétouan-Al Hoceïma,,10237,1504167905,POINT (-5.5586 35.8428)
Douar Mzoura,Douar Mzoura,34.3167,-5.9333,Morocco,MA,MAR,Rabat-Salé-Kénitra,,10194,1504336708,POINT (-5.9333 34.3167)
Jemaat Oulad Mhamed,Jemaat Oulad Mhamed,33.0938,-7.0519,Morocco,MA,MAR,Casablanca-Settat,,10187,1504791929,POINT (-7.0519 33.0938)
Msila,Msila,35.2,-5.5667,Morocco,MA,MAR,Tanger-Tétouan-Al Hoceïma,,10153,1504170765,POINT (-5.5667 35.2)
Aïn Zohra,Ain Zohra,34.1,-6.35,Morocco,MA,MAR,Rabat-Salé-Kénitra,,10151,1504551981,POINT (-6.35 34.1)
Za’roura,Za'roura,35.2167,-5.6667,Morocco,MA,MAR,Tanger-Tétouan-Al Hoceïma,,10137,1504534822,POINT (-5.6667 35.2167)
La’tamna,La'tamna,31.91,-7.34,Morocco,MA,MAR,Marrakech-Safi,,10063,1504778865,POINT (-7.34 31.91)
Jafra,Jafra,31.5145,-8.7555,Morocco,MA,MAR,Marrakech-Safi,,10060,1504134756,POINT (-8.7555 31.5145)
Taghbalt,Taghbalt,30.62,-5.35,Morocco,MA,MAR,Drâa-Tafilalet,,10054,1504290154,POINT (-5.35 30.62)
Bou’nane,Bou'nane,32.0275,-3.04,Morocco,MA,MAR,Oriental,,10035,1504957509,POINT (-3.04 32.0275)
Zaggota,Zaggota,34.1667,-5.5333,Morocco,MA,MAR,Rabat-Salé-Kénitra,,10032,1504666777,POINT (-5.5333 34.1667)
Tarhjicht,Tarhjicht,29.0564,-9.4281,Morocco,MA,MAR,Guelmim-Oued Noun,,9988,1504845971,POINT (-9.4281 29.0564)
Kenafif,Kenafif,30.4167,-9.0333,Morocco,MA,MAR,Souss-Massa,,9936,1504378442,POINT (-9.0333 30.4167)
Dar El Kebdani,Dar El Kebdani,35.1203,-3.3322,Morocco,MA,MAR,Oriental,,9911,1504332737,POINT (-3.3322 35.1203)
Sidi Rahhal,Sidi Rahhal,31.6667,-7.4833,Morocco,MA,MAR,Marrakech-Safi,,9906,1504761731,POINT (-7.4833 31.6667)
Kourimat,Kourimat,31.45,-9.3167,Morocco,MA,MAR,Marrakech-Safi,,9897,1504079071,POINT (-9.3167 31.45)
Ech Chaïbat,Ech Chaibat,31.6,-7.85,Morocco,MA,MAR,Marrakech-Safi,,9877,1504590724,POINT (-7.85 31.6)
Foum Jam’a,Foum Jam'a,31.96,-6.98,Morocco,MA,MAR,Béni Mellal-Khénifra,,9873,1504414947,POINT (-6.98 31.96)
Douar Snada,Douar Snada,35.0667,-4.2167,Morocco,MA,MAR,Tanger-Tétouan-Al Hoceïma,,9870,1504701788,POINT (-4.2167 35.0667)
Boudinar,Boudinar,35.15,-3.6333,Morocco,MA,MAR,Oriental,,9863,1504277185,POINT (-3.6333 35.15)
Outa Bouabane,Outa Bouabane,34.2606,-4.4139,Morocco,MA,MAR,Fès-Meknès,,9856,1504009188,POINT (-4.4139 34.2606)
Oulad ’Azzouz,Oulad 'Azzouz,32.7693,-6.7543,Morocco,MA,MAR,Béni Mellal-Khénifra,,9815,1504559202,POINT (-6.7543 32.7693)
Imlil,Imlil,31.7567,-7.0106,Morocco,MA,MAR,Béni Mellal-Khénifra,,9796,1504125012,POINT (-7.0106 31.7567)
Tiztoutine,Tiztoutine,34.9833,-3.15,Morocco,MA,MAR,Oriental,,9788,1504907240,POINT (-3.15 34.9833)
Tadla,Tadla,32.4409,-8.3708,Morocco,MA,MAR,Marrakech-Safi,,9750,1504540569,POINT (-8.3708 32.4409)
Ain Karma,Ain Karma,34.0071,-5.6182,Morocco,MA,MAR,Fès-Meknès,,9738,1504336348,POINT (-5.6182 34.0071)
Aghbalou Aqourar,Aghbalou Aqourar,33.9341,-4.7381,Morocco,MA,MAR,Fès-Meknès,,9715,1504995287,POINT (-4.7381 33.9341)
Douar Lehouifrat,Douar Lehouifrat,32.28,-8.31,Morocco,MA,MAR,Marrakech-Safi,,9705,1504757840,POINT (-8.31 32.28)
Aklim,Aklim,34.9167,-2.4333,Morocco,MA,MAR,Oriental,,9695,1504687369,POINT (-2.4333 34.9167)
Sidi Ahmed El Khadir,Sidi Ahmed El Khadir,32.5167,-7.3833,Morocco,MA,MAR,Casablanca-Settat,,9687,1504732408,POINT (-7.3833 32.5167)
’Aïn Leuh,'Ain Leuh,33.2833,-5.3833,Morocco,MA,MAR,Fès-Meknès,,9669,1504668626,POINT (-5.3833 33.2833)
Oued Laou,Oued Laou,35.45,-5.0833,Morocco,MA,MAR,Tanger-Tétouan-Al Hoceïma,,9665,1504708598,POINT (-5.0833 35.45)
Bni Boufrah,Bni Boufrah,35.1,-4.3167,Morocco,MA,MAR,Tanger-Tétouan-Al Hoceïma,,9653,1504305838,POINT (-4.3167 35.1)
Oulad Imloul,Oulad Imloul,32.0333,-7.7167,Morocco,MA,MAR,Marrakech-Safi,,9614,1504403330,POINT (-7.7167 32.0333)
Bou Zemou,Bou Zemou,32.1114,-5.5197,Morocco,MA,MAR,Drâa-Tafilalet,,9583,1504737844,POINT (-5.5197 32.1114)
Oulad Ayyad,Oulad Ayyad,32.3333,-6.3833,Morocco,MA,MAR,Béni Mellal-Khénifra,,9566,1504480318,POINT (-6.3833 32.3333)
Tatoufet,Tatoufet,35.0339,-5.7706,Morocco,MA,MAR,Tanger-Tétouan-Al Hoceïma,,9527,1504842271,POINT (-5.7706 35.0339)
Zawyat Sidi Ben Hamdoun,Zawyat Sidi Ben Hamdoun,33.045,-7.929,Morocco,MA,MAR,Casablanca-Settat,,9521,1504593978,POINT (-7.929 33.045)
Bni Gmil,Bni Gmil,35.0833,-4.3833,Morocco,MA,MAR,Tanger-Tétouan-Al Hoceïma,,9513,1504140120,POINT (-4.3833 35.0833)
Douar Messassa,Douar Messassa,34.2803,-4.5336,Morocco,MA,MAR,Fès-Meknès,,9501,1504026758,POINT (-4.5336 34.2803)
Gaada,Gaada,35.1594,-2.9892,Morocco,MA,MAR,Oriental,,9497,1504325635,POINT (-2.9892 35.1594)
Berkine,Berkine,33.7665,-3.8438,Morocco,MA,MAR,Oriental,,9469,1504644082,POINT (-3.8438 33.7665)
El Amim,El Amim,32.2067,-7.2629,Morocco,MA,MAR,Marrakech-Safi,,9454,1504410510,POINT (-7.2629 32.2067)
Tissaf,Tissaf,33.4,-3.5833,Morocco,MA,MAR,Fès-Meknès,,9444,1504419451,POINT (-3.5833 33.4)
Tissint,Tissint,29.9006,-7.3203,Morocco,MA,MAR,Souss-Massa,,9434,1504720693,POINT (-7.3203 29.9006)
Sidi El Hattab,Sidi El Hattab,32.2667,-7.2833,Morocco,MA,MAR,Marrakech-Safi,,9421,1504871106,POINT (-7.2833 32.2667)
Gammasa,Gammasa,31.4182,-8.3784,Morocco,MA,MAR,Marrakech-Safi,,9388,1504310079,POINT (-8.3784 31.4182)
Mhâjâr,Mhajar,35.12,-3.49,Morocco,MA,MAR,Oriental,,9386,1504595194,POINT (-3.49 35.12)
Douar Oulad Bouziane,Douar Oulad Bouziane,34.2325,-5.0444,Morocco,MA,MAR,Fès-Meknès,,9372,1504500363,POINT (-5.0444 34.2325)
Ameskroud,Ameskroud,30.5308,-9.3283,Morocco,MA,MAR,Souss-Massa,,9351,1504251726,POINT (-9.3283 30.5308)
Laanoussar,Laanoussar,33.6833,-4.8167,Morocco,MA,MAR,Fès-Meknès,,9343,1504953318,POINT (-4.8167 33.6833)
Laghzawna,Laghzawna,33.189,-7.684,Morocco,MA,MAR,Casablanca-Settat,,9315,1504002065,POINT (-7.684 33.189)
Douar Oulad Sidi Moussa,Douar Oulad Sidi Moussa,32.2726,-7.1987,Morocco,MA,MAR,Casablanca-Settat,,9260,1504471740,POINT (-7.1987 32.2726)
Sidi Lahsene,Sidi Lahsene,34.0999,-2.6219,Morocco,MA,MAR,Oriental,,9259,1504193134,POINT (-2.6219 34.0999)
Douar Ezzerarda,Douar Ezzerarda,34.7667,-5.8333,Morocco,MA,MAR,Rabat-Salé-Kénitra,,9249,1504537386,POINT (-5.8333 34.7667)
Oulad Cherif,Oulad Cherif,31.7667,-7.7833,Morocco,MA,MAR,Marrakech-Safi,,9237,1504980361,POINT (-7.7833 31.7667)
Tanakoub,Tanakoub,35.1091,-5.4577,Morocco,MA,MAR,Tanger-Tétouan-Al Hoceïma,,9236,1504108752,POINT (-5.4577 35.1091)
Sidi Bou Othmane,Sidi Bou Othmane,31.9033,-7.9422,Morocco,MA,MAR,Marrakech-Safi,,9181,1504562796,POINT (-7.9422 31.9033)
Douar El Mellaliyine,Douar El Mellaliyine,35.6264,-5.3414,Morocco,MA,MAR,Tanger-Tétouan-Al Hoceïma,,9177,1504244223,POINT (-5.3414 35.6264)
Bir Tam Tam,Bir Tam Tam,33.9833,-4.6333,Morocco,MA,MAR,Fès-Meknès,,9141,1504669372,POINT (-4.6333 33.9833)
Tafersit,Tafersit,35.0167,-3.5333,Morocco,MA,MAR,Oriental,,9133,1504168581,POINT (-3.5333 35.0167)
Mwaline al Oued,Mwaline al Oued,33.4467,-7.3283,Morocco,MA,MAR,Casablanca-Settat,,9129,1504001943,POINT (-7.3283 33.4467)
Chtiba,Chtiba,32.2,-7.3,Morocco,MA,MAR,Marrakech-Safi,,9122,1504264885,POINT (-7.3 32.2)
Iguidiy,Iguidiy,30.7467,-7.9267,Morocco,MA,MAR,Souss-Massa,,9100,1504330171,POINT (-7.9267 30.7467)
Sidi Ouassay,Sidi Ouassay,30.05,-9.6833,Morocco,MA,MAR,Souss-Massa,,9087,1504252264,POINT (-9.6833 30.05)
Gtarna,Gtarna,32.9724,-7.9645,Morocco,MA,MAR,Casablanca-Settat,,9084,1504328347,POINT (-7.9645 32.9724)
Aïn el Mediour,Ain el Mediour,30.4,-8.8833,Morocco,MA,MAR,Souss-Massa,,9000,1504516108,POINT (-8.8833 30.4)
Had Dra,Had Dra,31.5833,-9.5333,Morocco,MA,MAR,Marrakech-Safi,,8989,1504953934,POINT (-9.5333 31.5833)
Foum Zguid,Foum Zguid,30.0833,-6.8667,Morocco,MA,MAR,Souss-Massa,,8986,1504624650,POINT (-6.8667 30.0833)
Bni Sidel,Bni Sidel,35.1392,-3.1281,Morocco,MA,MAR,Oriental,,8930,1504766280,POINT (-3.1281 35.1392)
Zawyat Sidi al Mekki,Zawyat Sidi al Mekki,33.212,-7.717,Morocco,MA,MAR,Casablanca-Settat,,8920,1504769333,POINT (-7.717 33.212)
Douar Ait Taleb,Douar Ait Taleb,32.3839,-8.1856,Morocco,MA,MAR,Marrakech-Safi,,8888,1504079042,POINT (-8.1856 32.3839)
Imilchil,Imilchil,32.155,-5.6347,Morocco,MA,MAR,Drâa-Tafilalet,,8870,1504516929,POINT (-5.6347 32.155)
Iskourane,Iskourane,30.8433,-9.8186,Morocco,MA,MAR,Marrakech-Safi,,8866,1504820847,POINT (-9.8186 30.8433)
Msemrir,Msemrir,31.7028,-5.8125,Morocco,MA,MAR,Drâa-Tafilalet,,8866,1504469179,POINT (-5.8125 31.7028)
Ait Ikkou,Ait Ikkou,33.669,-6.1376,Morocco,MA,MAR,Fès-Meknès,,8865,1504000515,POINT (-6.1376 33.669)
Aït Ouaoumana,Ait Ouaoumana,32.7128,-5.8042,Morocco,MA,MAR,Béni Mellal-Khénifra,,8849,1504002343,POINT (-5.8042 32.7128)
Agadir Melloul,Agadir Melloul,30.2167,-7.8,Morocco,MA,MAR,Souss-Massa,,8848,1504880181,POINT (-7.8 30.2167)
Amarzgane,Amarzgane,31.05,-7.2167,Morocco,MA,MAR,Drâa-Tafilalet,,8820,1504948640,POINT (-7.2167 31.05)
Hassi Berkane,Hassi Berkane,34.8333,-2.8667,Morocco,MA,MAR,Oriental,,8788,1504780736,POINT (-2.8667 34.8333)
Saidia,Saidia,35.085,-2.2392,Morocco,MA,MAR,Oriental,,8780,1504105811,POINT (-2.2392 35.085)
Tiqqi,Tiqqi,29.8667,-9.0667,Morocco,MA,MAR,Souss-Massa,,8773,1504073397,POINT (-9.0667 29.8667)
Bouhlou,Bouhlou,34.1333,-4.4,Morocco,MA,MAR,Fès-Meknès,,8748,1504965177,POINT (-4.4 34.1333)
Iaboutene,Iaboutene,35.067,-3.967,Morocco,MA,MAR,Tanger-Tétouan-Al Hoceïma,,8715,1504286746,POINT (-3.967 35.067)
Tleta Taghramt,Tleta Taghramt,35.7877,-5.4677,Morocco,MA,MAR,Tanger-Tétouan-Al Hoceïma,,8706,1504015428,POINT (-5.4677 35.7877)
Sidi el Mokhfi,Sidi el Mokhfi,34.6039,-4.7889,Morocco,MA,MAR,Fès-Meknès,,8705,1504651133,POINT (-4.7889 34.6039)
Sidi Dahbi,Sidi Dahbi,33.05,-7.1833,Morocco,MA,MAR,Casablanca-Settat,,8703,1504613432,POINT (-7.1833 33.05)
Zawiat Moulay Brahim,Zawiat Moulay Brahim,31.2858,-7.9656,Morocco,MA,MAR,Marrakech-Safi,,8698,1504818335,POINT (-7.9656 31.2858)
Oulad Khallouf,Oulad Khallouf,31.79,-7.07,Morocco,MA,MAR,Marrakech-Safi,,8605,1504052239,POINT (-7.07 31.79)
Oulad Khallouf,Oulad Khallouf,34.71,-2.58,Morocco,MA,MAR,Oriental,,8605,1504000678,POINT (-2.58 34.71)
Lakhzazra,Lakhzazra,33.0333,-7.05,Morocco,MA,MAR,Casablanca-Settat,,8582,1504277663,POINT (-7.05 33.0333)
Lambarkiyine,Lambarkiyine,33.2,-7.5,Morocco,MA,MAR,Casablanca-Settat,,8559,1504527523,POINT (-7.5 33.2)
Bir Anzarane,Bir Anzarane,23.8918,-14.5364,Morocco,MA,MAR,Dakhla-Oued Ed-Dahab,,6244,1504999993,POINT (-14.5364 23.8918)
Tifariti,Tifariti,26.158,-10.567,Morocco,MA,MAR,Laâyoune-Sakia El Hamra,primary,3000,1504999990,POINT (-10.567 26.158)
Uad Damran,Uad Damran,27.4181,-12.9842,Morocco,MA,MAR,Laâyoune-Sakia El Hamra,,1108,1504003880,POINT (-12.9842 27.4181)
Lemsid,Lemsid,26.5482,-13.8482,Morocco,MA,MAR,Laâyoune-Sakia El Hamra,,100,1504999975,POINT (-13.8482 26.5482)
